invoice_id,flagged,error_category,expected_total_cents,billed_total_cents,confidence
INV-H2-000001,0,,,1562227,0.75
INV-H2-000002,0,,,3209350,0.75
INV-H2-000003,0,,,2215650,0.75
INV-H2-000004,0,,,3434580,0.75
INV-H2-000005,0,,,1887000,0.75
INV-H2-000006,0,,,2905616,0.75
INV-H2-000007,1,invalid_service_date,,2120830,0.9
INV-H2-000008,0,,,1117300,0.75
INV-H2-000009,0,,,2109715,0.75
INV-H2-000010,0,,,5027175,0.75
INV-H2-000011,0,,,2230050,0.75
INV-H2-000012,0,,,1365950,0.75
INV-H2-000013,1,invalid_service_date,,2748025,0.9
INV-H2-000014,0,,,2026480,0.75
INV-H2-000015,0,,,3265271,0.75
INV-H2-000016,1,invoice_total_mismatch,3197650,3222650,0.9
INV-H2-000017,0,,,3403600,0.75
INV-H2-000018,0,,,3343125,0.75
INV-H2-000019,0,,,2170800,0.75
INV-H2-000020,0,,,3676525,0.75
INV-H2-000021,0,,,3182650,0.75
INV-H2-000022,0,,,4508450,0.75
INV-H2-000023,0,,,2161250,0.75
INV-H2-000024,0,,,4052564,0.75
INV-H2-000025,0,,,2670700,0.75
INV-H2-000026,0,,,2129225,0.75
INV-H2-000027,0,,,4051625,0.75
INV-H2-000028,0,,,3711681,0.75
INV-H2-000029,0,,,2935775,0.75
INV-H2-000030,0,,,1661900,0.75
INV-H2-000031,0,,,1033775,0.75
INV-H2-000032,0,,,3807325,0.75
INV-H2-000033,0,,,2413432,0.75
INV-H2-000034,0,,,3110520,0.75
INV-H2-000035,0,,,1918666,0.75
INV-H2-000036,0,,,1734643,0.75
INV-H2-000037,0,,,851304,0.75
INV-H2-000038,0,,,2530615,0.75
INV-H2-000039,0,,,2742525,0.75
INV-H2-000040,0,,,3317176,0.75
INV-H2-000041,0,,,1416025,0.75
INV-H2-000042,0,,,2648275,0.75
INV-H2-000043,0,,,2887910,0.75
INV-H2-000044,0,,,2090343,0.75
INV-H2-000045,0,,,3341612,0.75
INV-H2-000046,0,,,3695616,0.75
INV-H2-000047,0,,,2089808,0.75
INV-H2-000048,0,,,1148850,0.75
INV-H2-000049,0,,,1738588,0.75
INV-H2-000050,0,,,1662879,0.75
INV-H2-000051,0,,,2608625,0.75
INV-H2-000052,0,,,2851444,0.75
INV-H2-000053,0,,,2370600,0.75
INV-H2-000054,1,duplicate_invoice_id,,1893669,0.9
INV-H2-000055,0,,,2926577,0.75
INV-H2-000056,0,,,1625475,0.75
INV-H2-000057,0,,,3320487,0.75
INV-H2-000058,0,,,3263975,0.75
INV-H2-000059,0,,,1840438,0.75
INV-H2-000060,0,,,4650162,0.75
INV-H2-000061,0,,,4636871,0.75
INV-H2-000062,0,,,2715547,0.75
INV-H2-000063,0,,,1962163,0.75
INV-H2-000064,0,,,4804408,0.75
INV-H2-000065,0,,,4090090,0.75
INV-H2-000066,0,,,4551702,0.75
INV-H2-000067,0,,,3986872,0.75
INV-H2-000068,0,,,2625251,0.75
INV-H2-000069,0,,,2863675,0.75
INV-H2-000070,0,,,2364178,0.75
INV-H2-000071,0,,,1194005,0.75
INV-H2-000072,0,,,1542567,0.75
INV-H2-000073,0,,,4659849,0.75
INV-H2-000074,0,,,4990685,0.75
INV-H2-000075,0,,,2409213,0.75
INV-H2-000076,0,,,2055003,0.75
INV-H2-000077,0,,,965993,0.75
INV-H2-000078,1,duplicate_invoice_id,,1481960,0.9
INV-H2-000079,0,,,858946,0.75
INV-H2-000080,0,,,884256,0.75
INV-H2-000081,0,,,2653560,0.75
INV-H2-000082,0,,,3097359,0.75
INV-H2-000083,0,,,4755725,0.75
INV-H2-000084,0,,,2242000,0.75
INV-H2-000085,0,,,5872703,0.75
INV-H2-000086,0,,,1449553,0.75
INV-H2-000087,0,,,3307731,0.75
INV-H2-000088,0,,,3588422,0.75
INV-H2-000089,0,,,3697715,0.75
INV-H2-000090,0,,,3858478,0.75
INV-H2-000091,0,,,848706,0.75
INV-H2-000092,0,,,1588499,0.75
INV-H2-000093,0,,,2321254,0.75
INV-H2-000094,0,,,3478889,0.75
INV-H2-000095,0,,,1567051,0.75
INV-H2-000096,0,,,3582167,0.75
INV-H2-000097,0,,,1918135,0.75
INV-H2-000099,0,,,3671140,0.75
INV-H2-000100,0,,,1012872,0.75
INV-H2-000101,0,,,1444535,0.75
INV-H2-000102,0,,,2698803,0.75
INV-H2-000103,0,,,1800098,0.75
INV-H2-000104,1,duplicate_invoice_id,,1886279,0.9
INV-H2-000105,0,,,3415883,0.75
INV-H2-000106,0,,,1684549,0.75
INV-H2-000107,0,,,1770255,0.75
INV-H2-000108,0,,,939000,0.75
INV-H2-000109,0,,,3566239,0.75
INV-H2-000110,0,,,2818189,0.75
INV-H2-000111,0,,,3132384,0.75
INV-H2-000112,0,,,1682241,0.75
INV-H2-000113,0,,,2118730,0.75
INV-H2-000114,0,,,2359940,0.75
INV-H2-000115,0,,,456187,0.75
INV-H2-000116,0,,,4099404,0.75
INV-H2-000117,0,,,3016765,0.75
INV-H2-000118,0,,,2780153,0.75
INV-H2-000119,0,,,1653293,0.75
INV-H2-000120,0,,,2187675,0.75
INV-H2-000121,0,,,3457550,0.75
INV-H2-000122,0,,,1592510,0.75
INV-H2-000123,0,,,3067605,0.75
INV-H2-000124,0,,,856654,0.75
INV-H2-000125,0,,,3396593,0.75
INV-H2-000126,0,,,2878543,0.75
INV-H2-000127,0,,,1721114,0.75
INV-H2-000128,0,,,3137006,0.75
INV-H2-000129,0,,,1656345,0.75
INV-H2-000130,0,,,3005248,0.75
INV-H2-000131,0,,,1951976,0.75
INV-H2-000132,0,,,413865,0.75
INV-H2-000133,0,,,830125,0.75
INV-H2-000134,0,,,3628983,0.75
INV-H2-000135,0,,,1727577,0.75
INV-H2-000136,0,,,1844743,0.75
INV-H2-000137,0,,,584584,0.75
INV-H2-000138,0,,,2748673,0.75
INV-H2-000139,0,,,498875,0.75
INV-H2-000140,0,,,2595642,0.75
INV-H2-000141,0,,,3511113,0.75
INV-H2-000142,0,,,4792284,0.75
INV-H2-000143,0,,,3650784,0.75
INV-H2-000144,0,,,767964,0.75
INV-H2-000145,0,,,2771471,0.75
INV-H2-000146,0,,,1528394,0.75
INV-H2-000147,1,duplicate_invoice_id,,4149703,0.9
INV-H2-000148,0,,,607093,0.75
INV-H2-000149,0,,,2852913,0.75
INV-H2-000150,1,invalid_service_date,,953604,0.9
INV-H2-000151,0,,,3698278,0.75
INV-H2-000152,0,,,2943880,0.75
INV-H2-000153,0,,,1484485,0.75
INV-H2-000154,0,,,3612189,0.75
INV-H2-000155,0,,,2297545,0.75
INV-H2-000156,0,,,3133358,0.75
INV-H2-000157,0,,,849911,0.75
INV-H2-000158,0,,,2430168,0.75
INV-H2-000159,0,,,1139386,0.75
INV-H2-000160,0,,,2010188,0.75
INV-H2-000161,0,,,2566739,0.75
INV-H2-000162,0,,,1152086,0.75
INV-H2-000163,0,,,3654320,0.75
INV-H2-000164,0,,,4160466,0.75
INV-H2-000165,0,,,1853491,0.75
INV-H2-000166,0,,,2087494,0.75
INV-H2-000167,0,,,2496350,0.75
INV-H2-000168,0,,,3421831,0.75
INV-H2-000169,0,,,2073831,0.75
INV-H2-000170,0,,,1978684,0.75
INV-H2-000171,1,line_total_arithmetic,3007262,2999762,0.9
INV-H2-000172,0,,,5047206,0.75
INV-H2-000173,0,,,2477099,0.75
INV-H2-000174,0,,,2007600,0.75
INV-H2-000175,0,,,2721039,0.75
INV-H2-000176,1,line_total_arithmetic,,791325,0.9
INV-H2-000177,0,,,2888495,0.75
INV-H2-000178,0,,,1810565,0.75
INV-H2-000179,0,,,2861237,0.75
INV-H2-000180,0,,,3160638,0.75
INV-H2-000181,0,,,2280275,0.75
INV-H2-000182,0,,,3424525,0.75
INV-H2-000183,1,contract_number_mismatch,,1041743,0.9
INV-H2-000184,0,,,2567831,0.75
INV-H2-000185,0,,,1077654,0.75
INV-H2-000186,0,,,2261042,0.75
INV-H2-000187,0,,,2911019,0.75
INV-H2-000188,0,,,1848168,0.75
INV-H2-000189,0,,,1322741,0.75
INV-H2-000190,0,,,3942015,0.75
INV-H2-000191,0,,,3121011,0.75
INV-H2-000192,0,,,3569501,0.75
INV-H2-000193,0,,,1426275,0.75
INV-H2-000194,0,,,2190295,0.75
INV-H2-000195,0,,,2195990,0.75
INV-H2-000196,0,,,2338637,0.75
INV-H2-000197,1,duplicate_invoice_id,,3522408,0.9
INV-H2-000198,0,,,2726444,0.75
INV-H2-000199,0,,,3747628,0.75
INV-H2-000200,0,,,3195170,0.75
INV-H2-000201,0,,,1373725,0.75
INV-H2-000202,0,,,1575784,0.75
INV-H2-000203,0,,,2193175,0.75
INV-H2-000204,0,,,2552210,0.75
INV-H2-000205,0,,,1747464,0.75
INV-H2-000206,0,,,1642121,0.75
INV-H2-000207,0,,,5339128,0.75
INV-H2-000208,0,,,894341,0.75
INV-H2-000209,1,invalid_service_date,,2987990,0.9
INV-H2-000210,0,,,2021915,0.75
INV-H2-000211,0,,,3224183,0.75
INV-H2-000212,0,,,2399862,0.75
INV-H2-000213,0,,,2036345,0.75
INV-H2-000214,0,,,1874579,0.75
INV-H2-000215,0,,,2866903,0.75
INV-H2-000216,0,,,2947675,0.75
INV-H2-000217,0,,,812063,0.75
INV-H2-000218,0,,,2870834,0.75
INV-H2-000219,0,,,5249200,0.75
INV-H2-000220,0,,,5611650,0.75
INV-H2-000221,0,,,2093653,0.75
INV-H2-000222,0,,,1692095,0.75
INV-H2-000223,0,,,1363298,0.75
INV-H2-000224,0,,,819455,0.75
INV-H2-000225,0,,,3822242,0.75
INV-H2-000226,0,,,2365736,0.75
INV-H2-000227,0,,,2047798,0.75
INV-H2-000228,0,,,1700169,0.75
INV-H2-000229,0,,,2115083,0.75
INV-H2-000230,0,,,1871100,0.75
INV-H2-000231,0,,,2671449,0.75
INV-H2-000232,0,,,554808,0.75
INV-H2-000233,0,,,2080723,0.75
INV-H2-000234,0,,,2980929,0.75
INV-H2-000235,0,,,1316842,0.75
INV-H2-000236,0,,,3576685,0.75
INV-H2-000237,0,,,2847629,0.75
INV-H2-000238,0,,,4112722,0.75
INV-H2-000239,1,contract_number_mismatch,,1140915,0.9
INV-H2-000240,0,,,2425661,0.75
INV-H2-000241,0,,,1809995,0.75
INV-H2-000242,0,,,1754517,0.75
INV-H2-000243,0,,,1572770,0.75
INV-H2-000244,0,,,2875784,0.75
INV-H2-000245,0,,,3639816,0.75
INV-H2-000246,0,,,3928710,0.75
INV-H2-000247,0,,,2158429,0.75
INV-H2-000248,1,invalid_service_date,,2944030,0.9
INV-H2-000249,1,contract_number_mismatch,,622800,0.9
INV-H2-000250,0,,,3640555,0.75
INV-H2-000251,0,,,3991755,0.75
INV-H2-000252,0,,,2386515,0.75
INV-H2-000253,0,,,2100395,0.75
INV-H2-000254,0,,,3152453,0.75
INV-H2-000255,0,,,1298069,0.75
INV-H2-000256,0,,,1269959,0.75
INV-H2-000257,0,,,1700570,0.75
INV-H2-000258,0,,,4756505,0.75
INV-H2-000259,0,,,2120226,0.75
INV-H2-000260,0,,,3875219,0.75
INV-H2-000261,0,,,1770116,0.75
INV-H2-000262,0,,,1413500,0.75
INV-H2-000263,0,,,1002747,0.75
INV-H2-000264,0,,,1903274,0.75
INV-H2-000265,0,,,676285,0.75
INV-H2-000266,0,,,4335855,0.75
INV-H2-000267,0,,,1646604,0.75
INV-H2-000268,0,,,1812741,0.75
INV-H2-000269,0,,,3633017,0.75
INV-H2-000270,0,,,1930440,0.75
INV-H2-000271,0,,,2348347,0.75
INV-H2-000272,0,,,1775741,0.75
INV-H2-000273,0,,,3626296,0.75
INV-H2-000274,0,,,2988227,0.75
INV-H2-000275,0,,,2399610,0.75
INV-H2-000276,0,,,2928873,0.75
INV-H2-000277,0,,,1961152,0.75
INV-H2-000278,0,,,2892472,0.75
INV-H2-000279,0,,,4108959,0.75
INV-H2-000280,0,,,984725,0.75
INV-H2-000281,0,,,1820081,0.75
INV-H2-000282,0,,,3803564,0.75
INV-H2-000283,0,,,4143970,0.75
INV-H2-000284,0,,,2119699,0.75
INV-H2-000285,0,,,3080963,0.75
INV-H2-000286,0,,,1015150,0.75
INV-H2-000287,0,,,4273074,0.75
INV-H2-000288,0,,,1708690,0.75
INV-H2-000289,0,,,1786174,0.75
INV-H2-000290,1,duplicate_invoice_id,,2219418,0.9
INV-H2-000291,0,,,1924615,0.75
INV-H2-000292,0,,,4047004,0.75
INV-H2-000293,0,,,2436845,0.75
INV-H2-000294,0,,,2842445,0.75
INV-H2-000295,0,,,2049905,0.75
INV-H2-000296,0,,,5013599,0.75
INV-H2-000297,0,,,4453610,0.75
INV-H2-000298,0,,,2795685,0.75
INV-H2-000299,1,contract_number_mismatch,,3677863,0.9
INV-H2-000300,0,,,2910739,0.75
INV-H2-000301,0,,,3775268,0.75
INV-H2-000302,0,,,719120,0.75
INV-H2-000303,0,,,2394717,0.75
INV-H2-000304,0,,,1250195,0.75
INV-H2-000305,0,,,1720763,0.75
INV-H2-000306,0,,,3762607,0.75
INV-H2-000307,0,,,2666334,0.75
INV-H2-000308,0,,,1342511,0.75
INV-H2-000309,0,,,2638802,0.75
INV-H2-000310,0,,,3367575,0.75
INV-H2-000311,0,,,2948572,0.75
INV-H2-000312,0,,,1517532,0.75
INV-H2-000313,0,,,2230605,0.75
INV-H2-000314,0,,,2579449,0.75
INV-H2-000315,0,,,1836941,0.75
INV-H2-000316,0,,,2822219,0.75
INV-H2-000317,0,,,726065,0.75
INV-H2-000318,0,,,3066075,0.75
INV-H2-000319,0,,,1282121,0.75
INV-H2-000320,0,,,3982500,0.75
INV-H2-000321,0,,,1973038,0.75
INV-H2-000322,0,,,1263762,0.75
INV-H2-000323,0,,,323654,0.75
INV-H2-000324,0,,,2313314,0.75
INV-H2-000325,0,,,1666784,0.75
INV-H2-000326,0,,,872000,0.75
INV-H2-000327,0,,,3386714,0.75
INV-H2-000328,0,,,2670780,0.75
INV-H2-000329,0,,,966437,0.75
INV-H2-000330,0,,,1553631,0.75
INV-H2-000331,0,,,2670468,0.75
INV-H2-000332,0,,,3646221,0.75
INV-H2-000333,0,,,1201594,0.75
INV-H2-000334,0,,,2990147,0.75
INV-H2-000335,0,,,4659898,0.75
INV-H2-000336,0,,,3720232,0.75
INV-H2-000337,0,,,2289976,0.75
INV-H2-000338,0,,,1967325,0.75
INV-H2-000339,0,,,2689112,0.75
INV-H2-000340,0,,,2243925,0.75
INV-H2-000341,0,,,1736250,0.75
INV-H2-000342,0,,,3732648,0.75
INV-H2-000343,0,,,5344806,0.75
INV-H2-000344,0,,,2731884,0.75
INV-H2-000345,0,,,1708455,0.75
INV-H2-000346,0,,,2408216,0.75
INV-H2-000347,0,,,1874095,0.75
INV-H2-000348,0,,,2412300,0.75
INV-H2-000349,0,,,2377553,0.75
INV-H2-000350,0,,,1775933,0.75
INV-H2-000351,0,,,2239547,0.75
INV-H2-000352,0,,,2541076,0.75
INV-H2-000353,0,,,1977554,0.75
INV-H2-000354,0,,,882912,0.75
INV-H2-000355,0,,,961604,0.75
INV-H2-000356,0,,,3469305,0.75
INV-H2-000357,0,,,2918301,0.75
INV-H2-000358,0,,,1182388,0.75
INV-H2-000359,0,,,1422806,0.75
INV-H2-000360,0,,,2099040,0.75
INV-H2-000361,0,,,3203010,0.75
INV-H2-000362,0,,,2580301,0.75
INV-H2-000363,0,,,2604594,0.75
INV-H2-000364,0,,,4278783,0.75
INV-H2-000365,0,,,2527754,0.75
INV-H2-000366,0,,,3640315,0.75
INV-H2-000367,0,,,4036760,0.75
INV-H2-000368,0,,,3089495,0.75
INV-H2-000369,0,,,4816109,0.75
INV-H2-000370,0,,,1838604,0.75
INV-H2-000371,0,,,606294,0.75
INV-H2-000372,0,,,3452468,0.75
INV-H2-000373,0,,,1563990,0.75
INV-H2-000374,0,,,4311933,0.75
INV-H2-000375,0,,,2117844,0.75
INV-H2-000376,1,invalid_service_date,,2933550,0.9
INV-H2-000377,0,,,2352231,0.75
INV-H2-000378,0,,,3569028,0.75
INV-H2-000379,0,,,1395717,0.75
INV-H2-000380,0,,,1072638,0.75
INV-H2-000381,0,,,536246,0.75
INV-H2-000382,0,,,2908946,0.75
INV-H2-000383,0,,,1996262,0.75
INV-H2-000384,0,,,3920041,0.75
INV-H2-000385,0,,,2066280,0.75
INV-H2-000386,0,,,1412868,0.75
INV-H2-000387,0,,,3190686,0.75
INV-H2-000388,0,,,1327618,0.75
INV-H2-000389,0,,,898556,0.75
INV-H2-000390,0,,,1681972,0.75
INV-H2-000391,0,,,1410986,0.75
INV-H2-000392,0,,,3198125,0.75
INV-H2-000393,0,,,2854089,0.75
INV-H2-000394,0,,,1198540,0.75
INV-H2-000395,0,,,2315813,0.75
INV-H2-000396,0,,,1899716,0.75
INV-H2-000397,0,,,1363725,0.75
INV-H2-000398,0,,,4717063,0.75
INV-H2-000399,0,,,1760409,0.75
INV-H2-000400,0,,,2854742,0.75
INV-H2-000401,0,,,1154624,0.75
INV-H2-000402,0,,,2787726,0.75
INV-H2-000403,0,,,2788224,0.75
INV-H2-000404,0,,,1430615,0.75
INV-H2-000405,0,,,554880,0.75
INV-H2-000406,0,,,4333007,0.75
INV-H2-000407,0,,,2348296,0.75
INV-H2-000408,0,,,3847130,0.75
INV-H2-000409,0,,,2308918,0.75
INV-H2-000410,0,,,1095747,0.75
INV-H2-000411,0,,,659984,0.75
INV-H2-000412,0,,,748067,0.75
INV-H2-000413,0,,,2121975,0.75
INV-H2-000414,0,,,1289277,0.75
INV-H2-000415,0,,,1366701,0.75
INV-H2-000416,0,,,1882350,0.75
INV-H2-000417,0,,,2886177,0.75
INV-H2-000418,0,,,3790376,0.75
INV-H2-000419,0,,,1346041,0.75
INV-H2-000420,0,,,1997150,0.75
INV-H2-000421,0,,,2124205,0.75
INV-H2-000422,1,invalid_service_date,,2442022,0.9
INV-H2-000423,0,,,2257247,0.75
INV-H2-000424,0,,,3020005,0.75
INV-H2-000425,0,,,2119373,0.75
INV-H2-000426,0,,,1683811,0.75
INV-H2-000427,0,,,2581960,0.75
INV-H2-000428,0,,,865265,0.75
INV-H2-000429,0,,,3033400,0.75
INV-H2-000430,0,,,2119852,0.75
INV-H2-000431,0,,,3036250,0.75
INV-H2-000432,1,line_total_arithmetic,852553,851553,0.9
INV-H2-000433,0,,,3006170,0.75
INV-H2-000434,0,,,976760,0.75
INV-H2-000435,0,,,1993856,0.75
INV-H2-000436,1,invoice_total_mismatch,2378279,2403279,0.9
INV-H2-000437,0,,,2565495,0.75
INV-H2-000438,0,,,1618210,0.75
INV-H2-000439,0,,,3318627,0.75
INV-H2-000440,0,,,2974295,0.75
INV-H2-000441,0,,,3406221,0.75
INV-H2-000442,0,,,2633430,0.75
INV-H2-000443,0,,,1714442,0.75
INV-H2-000444,0,,,1808152,0.75
INV-H2-000445,0,,,1867264,0.75
INV-H2-000446,1,invalid_service_date,,4057446,0.9
INV-H2-000447,1,invalid_service_date,,3616607,0.9
INV-H2-000448,0,,,3534828,0.75
INV-H2-000449,0,,,2821366,0.75
INV-H2-000450,0,,,1164383,0.75
INV-H2-000451,0,,,753854,0.75
INV-H2-000452,0,,,2030073,0.75
INV-H2-000453,0,,,2618660,0.75
INV-H2-000454,0,,,652962,0.75
INV-H2-000455,0,,,1630753,0.75
INV-H2-000456,0,,,2350475,0.75
INV-H2-000457,0,,,1969084,0.75
INV-H2-000458,0,,,1219696,0.75
INV-H2-000459,0,,,1475580,0.75
INV-H2-000460,0,,,1720892,0.75
INV-H2-000461,0,,,2159420,0.75
INV-H2-000462,0,,,3616143,0.75
INV-H2-000463,0,,,2511058,0.75
INV-H2-000464,0,,,450405,0.75
INV-H2-000465,0,,,1735104,0.75
INV-H2-000466,0,,,2091634,0.75
INV-H2-000467,0,,,731706,0.75
INV-H2-000468,0,,,1417911,0.75
INV-H2-000469,0,,,1799383,0.75
INV-H2-000470,0,,,848500,0.75
INV-H2-000471,0,,,1880822,0.75
INV-H2-000472,0,,,4818240,0.75
INV-H2-000473,0,,,3336481,0.75
INV-H2-000474,0,,,2690366,0.75
INV-H2-000475,0,,,1571347,0.75
INV-H2-000476,0,,,840538,0.75
INV-H2-000477,0,,,1175492,0.75
INV-H2-000478,0,,,2811743,0.75
INV-H2-000479,0,,,1487956,0.75
INV-H2-000480,0,,,1052124,0.75
INV-H2-000481,0,,,1942981,0.75
INV-H2-000482,0,,,2261845,0.75
INV-H2-000483,0,,,2817934,0.75
INV-H2-000484,0,,,1766773,0.75
INV-H2-000485,0,,,1240519,0.75
INV-H2-000486,0,,,3301850,0.75
INV-H2-000487,0,,,2302326,0.75
INV-H2-000488,0,,,2235260,0.75
INV-H2-000489,0,,,2652128,0.75
INV-H2-000490,0,,,1318273,0.75
INV-H2-000491,0,,,3922968,0.75
INV-H2-000492,0,,,3215187,0.75
INV-H2-000493,0,,,3246586,0.75
INV-H2-000494,0,,,1217533,0.75
INV-H2-000495,0,,,1182030,0.75
INV-H2-000496,0,,,1186703,0.75
INV-H2-000498,0,,,3214850,0.75
INV-H2-000499,0,,,3971333,0.75
INV-H2-000500,0,,,2320715,0.75
INV-H2-000501,0,,,2146246,0.75
INV-H2-000502,0,,,2294084,0.75
INV-H2-000503,0,,,4649507,0.75
INV-H2-000504,0,,,1227341,0.75
INV-H2-000505,0,,,1313419,0.75
INV-H2-000506,0,,,2515516,0.75
INV-H2-000507,0,,,3254536,0.75
INV-H2-000508,0,,,3212900,0.75
INV-H2-000509,1,invoice_total_mismatch,4980169,4972669,0.9
INV-H2-000510,0,,,2229527,0.75
INV-H2-000511,0,,,2811585,0.75
INV-H2-000512,0,,,3858882,0.75
INV-H2-000513,0,,,1178022,0.75
INV-H2-000514,0,,,2413761,0.75
INV-H2-000515,0,,,4751120,0.75
INV-H2-000516,0,,,3819506,0.75
INV-H2-000517,0,,,599366,0.75
INV-H2-000518,0,,,1392247,0.75
INV-H2-000519,1,invalid_service_date,,4021008,0.9
INV-H2-000520,0,,,1266208,0.75
INV-H2-000521,0,,,2393093,0.75
INV-H2-000522,1,invalid_service_date,,2437801,0.9
INV-H2-000523,0,,,2064963,0.75
INV-H2-000524,0,,,2678468,0.75
INV-H2-000525,0,,,3664609,0.75
INV-H2-000526,0,,,3521979,0.75
INV-H2-000527,0,,,2372365,0.75
INV-H2-000528,0,,,1165989,0.75
INV-H2-000529,0,,,1942612,0.75
INV-H2-000530,0,,,2020950,0.75
INV-H2-000531,0,,,1912735,0.75
INV-H2-000532,0,,,1735793,0.75
INV-H2-000533,0,,,782200,0.75
INV-H2-000534,0,,,3400872,0.75
INV-H2-000535,0,,,3084252,0.75
INV-H2-000536,0,,,4239813,0.75
INV-H2-000537,0,,,3154210,0.75
INV-H2-000538,0,,,2855565,0.75
INV-H2-000539,0,,,1054333,0.75
INV-H2-000540,0,,,2617786,0.75
INV-H2-000541,0,,,1250700,0.75
INV-H2-000542,0,,,5495032,0.75
INV-H2-000543,0,,,869034,0.75
INV-H2-000544,0,,,4361678,0.75
INV-H2-000545,0,,,3421058,0.75
INV-H2-000546,0,,,2877477,0.75
INV-H2-000547,0,,,2712538,0.75
INV-H2-000548,0,,,1631925,0.75
INV-H2-000550,0,,,812880,0.75
INV-H2-000551,0,,,1889477,0.75
INV-H2-000552,0,,,1578679,0.75
INV-H2-000553,0,,,1344040,0.75
INV-H2-000554,0,,,1871014,0.75
INV-H2-000555,0,,,1392220,0.75
INV-H2-000556,0,,,2894291,0.75
INV-H2-000557,0,,,1961598,0.75
INV-H2-000558,0,,,1735900,0.75
INV-H2-000559,0,,,1558207,0.75
INV-H2-000560,0,,,3421995,0.75
INV-H2-000561,1,invalid_service_date,,3182220,0.9
INV-H2-000562,0,,,2208541,0.75
INV-H2-000563,0,,,880960,0.75
INV-H2-000564,0,,,3032224,0.75
INV-H2-000565,0,,,2938967,0.75
INV-H2-000566,0,,,3281550,0.75
INV-H2-000567,0,,,3084514,0.75
INV-H2-000568,0,,,2556398,0.75
INV-H2-000569,0,,,1295125,0.75
INV-H2-000570,0,,,805834,0.75
INV-H2-000571,0,,,1573084,0.75
INV-H2-000573,0,,,1790852,0.75
INV-H2-000574,0,,,4484221,0.75
INV-H2-000575,0,,,1930575,0.75
INV-H2-000576,0,,,1687395,0.75
INV-H2-000577,0,,,3136349,0.75
INV-H2-000578,0,,,1357734,0.75
INV-H2-000579,0,,,2126739,0.75
INV-H2-000580,0,,,2628963,0.75
INV-H2-000581,0,,,2793115,0.75
INV-H2-000582,0,,,3945274,0.75
INV-H2-000583,0,,,3228763,0.75
INV-H2-000584,0,,,806310,0.75
INV-H2-000585,0,,,3546158,0.75
INV-H2-000586,0,,,2641526,0.75
INV-H2-000587,0,,,3303488,0.75
INV-H2-000588,0,,,2523334,0.75
INV-H2-000589,0,,,2244155,0.75
INV-H2-000590,0,,,2785543,0.75
INV-H2-000591,0,,,862772,0.75
INV-H2-000592,0,,,2916885,0.75
INV-H2-000593,0,,,2942192,0.75
INV-H2-000594,0,,,1757164,0.75
INV-H2-000595,0,,,5472120,0.75
INV-H2-000596,0,,,2802714,0.75
INV-H2-000597,0,,,2626768,0.75
INV-H2-000598,0,,,2966867,0.75
INV-H2-000599,0,,,2919963,0.75
INV-H2-000600,0,,,2319351,0.75
INV-H2-000601,0,,,1432869,0.75
INV-H2-000602,0,,,2479774,0.75
INV-H2-000603,0,,,1882190,0.75
INV-H2-000604,0,,,4240861,0.75
INV-H2-000605,0,,,2978973,0.75
INV-H2-000606,0,,,1805800,0.75
INV-H2-000607,0,,,1817036,0.75
INV-H2-000608,0,,,2344333,0.75
INV-H2-000609,0,,,5579682,0.75
INV-H2-000610,0,,,2768134,0.75
INV-H2-000611,0,,,762698,0.75
INV-H2-000613,0,,,3596316,0.75
INV-H2-000614,0,,,2472738,0.75
INV-H2-000615,0,,,2524017,0.75
INV-H2-000616,0,,,1191206,0.75
INV-H2-000617,0,,,2405578,0.75
INV-H2-000618,0,,,1829923,0.75
INV-H2-000619,0,,,2581322,0.75
INV-H2-000620,0,,,4885679,0.75
INV-H2-000621,0,,,1124301,0.75
INV-H2-000622,0,,,1882260,0.75
INV-H2-000623,0,,,2896723,0.75
INV-H2-000624,0,,,4022455,0.75
INV-H2-000625,0,,,1379179,0.75
INV-H2-000626,0,,,4145553,0.75
INV-H2-000627,0,,,1786081,0.75
INV-H2-000628,0,,,577005,0.75
INV-H2-000629,0,,,2290394,0.75
INV-H2-000630,0,,,1202654,0.75
INV-H2-000631,0,,,3531903,0.75
INV-H2-000632,0,,,6329851,0.75
INV-H2-000633,0,,,1114656,0.75
INV-H2-000634,0,,,4638849,0.75
INV-H2-000635,0,,,1136040,0.75
INV-H2-000637,0,,,1728169,0.75
INV-H2-000638,0,,,3381762,0.75
INV-H2-000639,0,,,2198076,0.75
INV-H2-000640,0,,,908634,0.75
INV-H2-000641,0,,,2763175,0.75
INV-H2-000642,0,,,2904883,0.75
INV-H2-000643,0,,,2698521,0.75
INV-H2-000644,0,,,1398308,0.75
INV-H2-000645,0,,,2258476,0.75
INV-H2-000646,0,,,4456054,0.75
INV-H2-000647,0,,,2068148,0.75
INV-H2-000648,0,,,2700004,0.75
INV-H2-000649,0,,,1552032,0.75
INV-H2-000650,0,,,2432083,0.75
INV-H2-000651,0,,,3375477,0.75
INV-H2-000652,0,,,2483214,0.75
INV-H2-000653,0,,,1468777,0.75
INV-H2-000654,0,,,1219902,0.75
INV-H2-000655,0,,,3699144,0.75
INV-H2-000656,0,,,3136505,0.75
INV-H2-000657,0,,,2413294,0.75
INV-H2-000658,0,,,3097664,0.75
INV-H2-000659,0,,,2083537,0.75
INV-H2-000660,0,,,1164115,0.75
INV-H2-000661,1,invoice_total_mismatch,1575124,1600124,0.9
INV-H2-000662,1,invalid_service_date,,2167344,0.9
INV-H2-000663,0,,,4682684,0.75
INV-H2-000664,0,,,3095870,0.75
INV-H2-000665,0,,,2621783,0.75
INV-H2-000666,0,,,1621625,0.75
INV-H2-000667,0,,,3168902,0.75
INV-H2-000668,0,,,3127885,0.75
INV-H2-000669,0,,,1716593,0.75
INV-H2-000670,0,,,2667365,0.75
INV-H2-000671,0,,,3704829,0.75
INV-H2-000672,0,,,3149355,0.75
INV-H2-000673,0,,,1783703,0.75
INV-H2-000674,0,,,3512287,0.75
INV-H2-000675,0,,,2606740,0.75
INV-H2-000676,0,,,3815847,0.75
INV-H2-000677,0,,,2188524,0.75
INV-H2-000678,0,,,4303873,0.75
INV-H2-000679,0,,,2691653,0.75
INV-H2-000680,0,,,3026199,0.75
INV-H2-000681,0,,,3587102,0.75
INV-H2-000682,0,,,1652930,0.75
INV-H2-000683,0,,,3284345,0.75
INV-H2-000684,1,invalid_service_date,,2974777,0.9
INV-H2-000685,0,,,672852,0.75
INV-H2-000686,0,,,3740728,0.75
INV-H2-000687,0,,,1489534,0.75
INV-H2-000688,0,,,1207211,0.75
INV-H2-000689,0,,,3909140,0.75
INV-H2-000690,0,,,909493,0.75
INV-H2-000691,0,,,4187093,0.75
INV-H2-000692,0,,,821160,0.75
INV-H2-000693,0,,,3684794,0.75
INV-H2-000694,0,,,2961093,0.75
INV-H2-000695,0,,,2759671,0.75
INV-H2-000696,0,,,2800843,0.75
INV-H2-000697,0,,,1724951,0.75
INV-H2-000698,0,,,3015120,0.75
INV-H2-000699,0,,,3875046,0.75
INV-H2-000700,0,,,3090573,0.75
INV-H2-000701,0,,,3088626,0.75
INV-H2-000702,0,,,3507352,0.75
INV-H2-000703,0,,,3021465,0.75
INV-H2-000704,0,,,4648419,0.75
INV-H2-000705,0,,,2914273,0.75
INV-H2-000706,0,,,2760367,0.75
INV-H2-000707,0,,,3032127,0.75
INV-H2-000708,0,,,742147,0.75
INV-H2-000709,0,,,1259718,0.75
INV-H2-000710,0,,,3941607,0.75
INV-H2-000711,0,,,2541681,0.75
INV-H2-000712,0,,,3060317,0.75
INV-H2-000713,0,,,3170981,0.75
INV-H2-000714,0,,,4240210,0.75
INV-H2-000715,0,,,3505795,0.75
INV-H2-000716,0,,,3793348,0.75
INV-H2-000717,0,,,4142953,0.75
INV-H2-000718,0,,,1785111,0.75
INV-H2-000719,0,,,1128563,0.75
INV-H2-000720,0,,,2814649,0.75
INV-H2-000721,0,,,2779727,0.75
INV-H2-000722,0,,,1106765,0.75
INV-H2-000723,0,,,2758055,0.75
INV-H2-000724,0,,,3191802,0.75
INV-H2-000725,0,,,4558114,0.75
INV-H2-000726,0,,,2982991,0.75
INV-H2-000727,0,,,1593236,0.75
INV-H2-000728,0,,,1762947,0.75
INV-H2-000729,0,,,4363911,0.75
INV-H2-000730,0,,,2461898,0.75
INV-H2-000731,0,,,2458658,0.75
INV-H2-000732,0,,,2977662,0.75
INV-H2-000733,0,,,4753896,0.75
INV-H2-000734,0,,,873763,0.75
INV-H2-000735,0,,,1282225,0.75
INV-H2-000736,0,,,1522600,0.75
INV-H2-000737,0,,,3394300,0.75
INV-H2-000738,0,,,4531429,0.75
INV-H2-000739,0,,,1322520,0.75
INV-H2-000740,0,,,1642075,0.75
INV-H2-000741,0,,,746350,0.75
INV-H2-000742,0,,,2587287,0.75
INV-H2-000743,0,,,1843727,0.75
INV-H2-000744,1,line_total_arithmetic,,2170400,0.9
INV-H2-000745,0,,,4798801,0.75
INV-H2-000746,0,,,1574770,0.75
INV-H2-000747,0,,,1537272,0.75
INV-H2-000748,0,,,3360182,0.75
INV-H2-000749,0,,,3319651,0.75
INV-H2-000750,0,,,1253747,0.75
INV-H2-000751,0,,,1626705,0.75
INV-H2-000752,1,invalid_service_date,,1570251,0.9
INV-H2-000753,0,,,3500129,0.75
INV-H2-000754,0,,,4507631,0.75
INV-H2-000755,0,,,5157305,0.75
INV-H2-000756,0,,,3824998,0.75
INV-H2-000757,0,,,1782000,0.75
INV-H2-000758,0,,,3991593,0.75
INV-H2-000759,0,,,1371605,0.75
INV-H2-000760,0,,,1642789,0.75
INV-H2-000761,0,,,2934858,0.75
INV-H2-000762,0,,,1232419,0.75
INV-H2-000763,0,,,1102120,0.75
INV-H2-000764,0,,,1062263,0.75
INV-H2-000765,0,,,1105935,0.75
INV-H2-000766,0,,,3930652,0.75
INV-H2-000767,0,,,2128330,0.75
INV-H2-000768,0,,,1576763,0.75
INV-H2-000769,0,,,1143304,0.75
INV-H2-000771,0,,,1932532,0.75
INV-H2-000772,0,,,2180670,0.75
INV-H2-000773,0,,,1935741,0.75
INV-H2-000774,0,,,2841782,0.75
INV-H2-000775,0,,,3303626,0.75
INV-H2-000776,0,,,1497840,0.75
INV-H2-000777,0,,,3599806,0.75
INV-H2-000778,0,,,2775345,0.75
INV-H2-000779,0,,,797743,0.75
INV-H2-000780,0,,,1277900,0.75
INV-H2-000781,0,,,4176908,0.75
INV-H2-000782,0,,,3222420,0.75
INV-H2-000783,1,invalid_service_date,,2563422,0.9
INV-H2-000784,0,,,741930,0.75
INV-H2-000785,0,,,4069007,0.75
INV-H2-000786,0,,,3141003,0.75
INV-H2-000787,0,,,3476965,0.75
INV-H2-000788,0,,,2383643,0.75
INV-H2-000789,0,,,3371584,0.75
INV-H2-000790,0,,,3125368,0.75
INV-H2-000791,0,,,3166917,0.75
INV-H2-000792,0,,,3692155,0.75
INV-H2-000793,0,,,2006795,0.75
INV-H2-000794,0,,,2921087,0.75
INV-H2-000795,0,,,2561353,0.75
INV-H2-000796,0,,,1983748,0.75
INV-H2-000797,0,,,1773536,0.75
INV-H2-000798,0,,,3954108,0.75
INV-H2-000799,0,,,3386979,0.75
INV-H2-000800,1,invalid_service_date,,3262287,0.9
INV-H2-000801,0,,,2168039,0.75
INV-H2-000802,0,,,4086093,0.75
INV-H2-000803,0,,,2794537,0.75
INV-H2-000804,0,,,3298766,0.75
INV-H2-000805,0,,,2101348,0.75
INV-H2-000806,0,,,3197789,0.75
INV-H2-000807,0,,,2639466,0.75
INV-H2-000808,0,,,1851240,0.75
INV-H2-000809,0,,,1497767,0.75
INV-H2-000810,0,,,674737,0.75
INV-H2-000811,0,,,1367573,0.75
INV-H2-000812,0,,,2149659,0.75
INV-H2-000813,0,,,1259475,0.75
INV-H2-000814,0,,,3908420,0.75
INV-H2-000815,0,,,2359169,0.75
INV-H2-000816,0,,,1899044,0.75
INV-H2-000817,0,,,3930565,0.75
INV-H2-000818,1,contract_number_mismatch,,1786734,0.9
INV-H2-000819,0,,,1600542,0.75
INV-H2-000820,0,,,3602804,0.75
INV-H2-000821,0,,,2009157,0.75
INV-H2-000822,0,,,1834615,0.75
INV-H2-000823,0,,,1616874,0.75
INV-H2-000824,0,,,1783839,0.75
INV-H2-000825,0,,,2774696,0.75
INV-H2-000826,0,,,3270588,0.75
INV-H2-000827,0,,,2673574,0.75
INV-H2-000828,0,,,3828953,0.75
INV-H2-000829,0,,,1296475,0.75
INV-H2-000830,0,,,1878566,0.75
INV-H2-000831,0,,,1961747,0.75
INV-H2-000832,0,,,2144903,0.75
INV-H2-000833,0,,,5204720,0.75
INV-H2-000834,0,,,908205,0.75
INV-H2-000835,0,,,814076,0.75
INV-H2-000836,0,,,3991765,0.75
INV-H2-000837,0,,,2944435,0.75
INV-H2-000838,0,,,2425388,0.75
INV-H2-000839,0,,,1865193,0.75
INV-H2-000840,0,,,2749531,0.75
INV-H2-000841,0,,,2554005,0.75
INV-H2-000842,0,,,753112,0.75
INV-H2-000843,1,invalid_service_date,,1031048,0.9
INV-H2-000844,0,,,2187312,0.75
INV-H2-000845,0,,,3594329,0.75
INV-H2-000846,0,,,2680106,0.75
INV-H2-000847,0,,,1683145,0.75
INV-H2-000848,0,,,2981621,0.75
INV-H2-000849,0,,,1207808,0.75
INV-H2-000850,0,,,995241,0.75
INV-H2-000851,0,,,2787553,0.75
INV-H2-000852,0,,,3860247,0.75
INV-H2-000853,0,,,1987980,0.75
INV-H2-000854,0,,,2887999,0.75
INV-H2-000855,0,,,4143130,0.75
INV-H2-000856,0,,,3712565,0.75
INV-H2-000857,0,,,1161300,0.75
INV-H2-000858,0,,,1256173,0.75
INV-H2-000859,0,,,2319384,0.75
INV-H2-000860,0,,,881275,0.75
INV-H2-000861,0,,,864006,0.75
INV-H2-000862,0,,,2616211,0.75
INV-H2-000863,0,,,3633341,0.75
INV-H2-000864,0,,,3362605,0.75
INV-H2-000865,0,,,3562260,0.75
INV-H2-000866,0,,,4666306,0.75
INV-H2-000867,0,,,2488507,0.75
INV-H2-000868,0,,,630595,0.75
INV-H2-000869,0,,,3190248,0.75
INV-H2-000870,0,,,1802208,0.75
INV-H2-000871,0,,,990570,0.75
INV-H2-000872,0,,,1679132,0.75
INV-H2-000873,0,,,1664581,0.75
INV-H2-000874,0,,,2410707,0.75
INV-H2-000875,0,,,2722964,0.75
INV-H2-000876,0,,,1040829,0.75
INV-H2-000877,0,,,3481390,0.75
INV-H2-000878,0,,,2151670,0.75
INV-H2-000879,0,,,3294671,0.75
INV-H2-000880,0,,,1774589,0.75
INV-H2-000881,0,,,3902640,0.75
INV-H2-000882,0,,,1718401,0.75
INV-H2-000883,0,,,1194295,0.75
INV-H2-000884,0,,,2560306,0.75
INV-H2-000885,0,,,2899515,0.75
INV-H2-000886,0,,,2570948,0.75
INV-H2-000887,0,,,1055620,0.75
INV-H2-000888,0,,,1641200,0.75
INV-H2-000889,1,daily_cap_exceeded,,3971554,0.95
INV-H2-000890,0,,,3470378,0.75
INV-H2-000891,0,,,1422344,0.75
INV-H2-000892,0,,,2306705,0.75
INV-H2-000893,0,,,1334726,0.75
INV-H2-000894,0,,,2300208,0.75
INV-H2-000895,0,,,4939046,0.75
INV-H2-000896,0,,,1684386,0.75
INV-H2-000897,0,,,2935065,0.75
INV-H2-000898,0,,,1230187,0.75
INV-H2-000899,0,,,1711521,0.75
INV-H2-000900,0,,,2996206,0.75
INV-H2-000901,0,,,5162873,0.75
INV-H2-000902,0,,,2716978,0.75
INV-H2-000903,0,,,2506101,0.75
INV-H2-000904,0,,,2339730,0.75
INV-H2-000905,0,,,2371477,0.75
INV-H2-000906,0,,,1291819,0.75
INV-H2-000907,0,,,796120,0.75
INV-H2-000908,0,,,3840632,0.75
INV-H2-000909,0,,,1115895,0.75
INV-H2-000910,0,,,3941744,0.75
INV-H2-000911,0,,,1279775,0.75
INV-H2-000912,0,,,4148278,0.75
INV-H2-000913,0,,,2740790,0.75
INV-H2-000914,0,,,1607947,0.75
INV-H2-000915,0,,,3380250,0.75
INV-H2-000916,0,,,3841278,0.75
INV-H2-000917,0,,,1849025,0.75
INV-H2-000918,0,,,1475611,0.75
INV-H2-000919,0,,,4108869,0.75
INV-H2-000920,0,,,3002415,0.75
INV-H2-000921,0,,,3728716,0.75
INV-H2-000922,0,,,2658718,0.75
INV-H2-000923,0,,,2188045,0.75
INV-H2-000924,0,,,3217760,0.75
INV-H2-000925,0,,,1861080,0.75
INV-H2-000926,0,,,5266190,0.75
INV-H2-000927,0,,,1298490,0.75
INV-H2-000928,0,,,2278307,0.75
INV-H2-000929,0,,,977554,0.75
INV-H2-000930,0,,,2200585,0.75
INV-H2-000931,0,,,2076478,0.75
INV-H2-000932,0,,,1668085,0.75
INV-H2-000933,0,,,750403,0.75
INV-H2-000934,0,,,1713705,0.75
INV-H2-000935,0,,,1467418,0.75
INV-H2-000936,0,,,4613985,0.75
INV-H2-000937,0,,,2959847,0.75
INV-H2-000938,0,,,3526755,0.75
INV-H2-000939,0,,,3142154,0.75
INV-H2-000940,0,,,2413189,0.75
INV-H2-000941,0,,,1947890,0.75
INV-H2-000942,0,,,961953,0.75
INV-H2-000943,0,,,4962117,0.75
INV-H2-000944,0,,,1246331,0.75
INV-H2-000945,0,,,1641371,0.75
INV-H2-000946,0,,,1772674,0.75
INV-H2-000947,0,,,2794550,0.75
INV-H2-000948,0,,,1396291,0.75
INV-H2-000949,0,,,3418986,0.75
INV-H2-000950,0,,,2030127,0.75
INV-H2-000951,0,,,3584619,0.75
INV-H2-000952,0,,,4102060,0.75
INV-H2-000953,0,,,3157954,0.75
INV-H2-000954,0,,,3339291,0.75
INV-H2-000955,1,invalid_service_date,,1703199,0.9
INV-H2-000956,0,,,1170448,0.75
INV-H2-000957,0,,,3563324,0.75
INV-H2-000958,0,,,1957650,0.75
INV-H2-000959,0,,,1345550,0.75
INV-H2-000960,0,,,1500075,0.75
INV-H2-000961,0,,,1948476,0.75
INV-H2-000962,0,,,3371295,0.75
INV-H2-000963,0,,,2661080,0.75
INV-H2-000964,0,,,2271587,0.75
INV-H2-000965,0,,,678034,0.75
INV-H2-000966,0,,,1334073,0.75
INV-H2-000967,0,,,2334120,0.75
INV-H2-000968,0,,,1954872,0.75
INV-H2-000969,0,,,2885795,0.75
INV-H2-000970,0,,,3271559,0.75
INV-H2-000971,0,,,3268943,0.75
INV-H2-000972,0,,,3877395,0.75
INV-H2-000973,0,,,2523532,0.75
INV-H2-000974,0,,,3352291,0.75
INV-H2-000975,0,,,3325550,0.75
INV-H2-000976,0,,,4049089,0.75
INV-H2-000977,0,,,3996544,0.75
INV-H2-000978,0,,,380876,0.75
INV-H2-000979,0,,,825685,0.75
INV-H2-000980,0,,,2052881,0.75
INV-H2-000981,0,,,2343368,0.75
INV-H2-000982,0,,,3876361,0.75
INV-H2-000983,0,,,3185533,0.75
INV-H2-000984,0,,,516810,0.75
INV-H2-000985,0,,,3565104,0.75
INV-H2-000986,0,,,932430,0.75
INV-H2-000987,0,,,1026862,0.75
INV-H2-000988,0,,,3748700,0.75
INV-H2-000989,0,,,2155933,0.75
INV-H2-000990,0,,,2687172,0.75
INV-H2-000991,0,,,811530,0.75
INV-H2-000992,0,,,2344754,0.75
INV-H2-000993,0,,,1695527,0.75
INV-H2-000994,0,,,1294275,0.75
INV-H2-000995,0,,,2573468,0.75
INV-H2-000996,0,,,2108707,0.75
INV-H2-000997,0,,,1270700,0.75
INV-H2-000998,0,,,1965345,0.75
INV-H2-000999,0,,,4489680,0.75
INV-H2-001000,0,,,3411735,0.75
INV-H2-001001,0,,,2346146,0.75
INV-H2-001002,0,,,1763106,0.75
INV-H2-001003,0,,,379589,0.75
INV-H2-001004,0,,,3103865,0.75
INV-H2-001005,0,,,4211904,0.75
INV-H2-001006,0,,,3328351,0.75
INV-H2-001007,0,,,934999,0.75
INV-H2-001008,0,,,2294556,0.75
INV-H2-001009,0,,,3787504,0.75
INV-H2-001010,0,,,786344,0.75
INV-H2-001011,0,,,2055812,0.75
INV-H2-001012,0,,,4107401,0.75
INV-H2-001013,0,,,1383635,0.75
INV-H2-001014,0,,,2527018,0.75
INV-H2-001015,0,,,4880061,0.75
INV-H2-001016,0,,,1991256,0.75
INV-H2-001017,0,,,3721701,0.75
INV-H2-001018,0,,,3507077,0.75
INV-H2-001019,0,,,3711920,0.75
INV-H2-001020,0,,,4523784,0.75
INV-H2-001021,0,,,3098186,0.75
INV-H2-001022,0,,,793850,0.75
INV-H2-001023,0,,,1275392,0.75
INV-H2-001024,0,,,2254015,0.75
INV-H2-001025,0,,,1871857,0.75
INV-H2-001026,0,,,702100,0.75
INV-H2-001027,0,,,1960235,0.75
INV-H2-001028,1,invoice_total_mismatch,134581,159581,0.9
INV-H2-001029,0,,,1860990,0.75
INV-H2-001030,1,contract_number_mismatch,,3561932,0.9
INV-H2-001031,0,,,4387478,0.75
INV-H2-001032,0,,,976266,0.75
INV-H2-001033,0,,,2351755,0.75
INV-H2-001034,0,,,2664625,0.75
INV-H2-001036,0,,,3410841,0.75
INV-H2-001037,0,,,3753669,0.75
INV-H2-001038,0,,,1530398,0.75
INV-H2-001039,0,,,2261611,0.75
INV-H2-001040,0,,,964376,0.75
INV-H2-001041,1,line_total_arithmetic,,4721224,0.9
INV-H2-001042,0,,,1931251,0.75
INV-H2-001043,0,,,3911612,0.75
INV-H2-001044,1,contract_number_mismatch,,1319234,0.9
INV-H2-001045,0,,,3893284,0.75
INV-H2-001046,0,,,946553,0.75
INV-H2-001047,0,,,1526244,0.75
INV-H2-001048,0,,,3651137,0.75
INV-H2-001049,0,,,842398,0.75
INV-H2-001050,0,,,2848318,0.75
INV-H2-001051,0,,,3670705,0.75
INV-H2-001052,0,,,3269428,0.75
INV-H2-001053,0,,,4283250,0.75
INV-H2-001054,0,,,1669538,0.75
INV-H2-001055,0,,,2570725,0.75
INV-H2-001056,0,,,4458458,0.75
INV-H2-001057,0,,,1424605,0.75
INV-H2-001058,0,,,2281516,0.75
INV-H2-001059,0,,,700562,0.75
INV-H2-001060,0,,,1741993,0.75
INV-H2-001061,0,,,1466298,0.75
INV-H2-001062,0,,,3235647,0.75
INV-H2-001063,0,,,905650,0.75
INV-H2-001064,0,,,2263091,0.75
INV-H2-001065,0,,,1793805,0.75
INV-H2-001066,0,,,2585711,0.75
INV-H2-001067,0,,,1750640,0.75
INV-H2-001068,0,,,2181943,0.75
INV-H2-001069,0,,,905847,0.75
INV-H2-001070,0,,,3531763,0.75
INV-H2-001071,0,,,1853918,0.75
INV-H2-001072,0,,,2431361,0.75
INV-H2-001073,1,invoice_total_mismatch,3122640,3115140,0.9
INV-H2-001074,0,,,2666241,0.75
INV-H2-001075,0,,,1856660,0.75
INV-H2-001076,0,,,3053262,0.75
INV-H2-001077,0,,,2312311,0.75
INV-H2-001078,0,,,3309778,0.75
INV-H2-001079,0,,,3178980,0.75
INV-H2-001080,0,,,3904131,0.75
INV-H2-001081,0,,,649333,0.75
INV-H2-001082,0,,,1454970,0.75
INV-H2-001083,0,,,3718784,0.75
INV-H2-001084,0,,,1165486,0.75
INV-H2-001085,0,,,2098190,0.75
INV-H2-001086,0,,,3300088,0.75
INV-H2-001087,0,,,1064100,0.75
INV-H2-001088,0,,,2403386,0.75
INV-H2-001089,0,,,3054038,0.75
INV-H2-001090,0,,,5040901,0.75
INV-H2-001091,0,,,2834194,0.75
INV-H2-001092,0,,,1713805,0.75
INV-H2-001093,0,,,3647438,0.75
INV-H2-001094,0,,,185216,0.75
INV-H2-001095,0,,,2758185,0.75
INV-H2-001096,0,,,2080320,0.75
INV-H2-001097,0,,,825286,0.75
INV-H2-001098,0,,,415220,0.75
INV-H2-001099,0,,,740475,0.75
INV-H2-001100,0,,,1429385,0.75
INV-H2-001101,0,,,1998485,0.75
INV-H2-001102,0,,,3652067,0.75
INV-H2-001103,0,,,2203699,0.75
INV-H2-001104,0,,,1764560,0.75
INV-H2-001105,0,,,1959400,0.75
INV-H2-001106,0,,,2937640,0.75
INV-H2-001107,0,,,1538659,0.75
INV-H2-001108,0,,,1799203,0.75
INV-H2-001109,0,,,935389,0.75
INV-H2-001110,0,,,1318632,0.75
INV-H2-001111,0,,,3347740,0.75
INV-H2-001112,0,,,3280806,0.75
INV-H2-001113,0,,,1474210,0.75
INV-H2-001114,0,,,2250654,0.75
INV-H2-001115,0,,,3882884,0.75
INV-H2-001116,0,,,1204505,0.75
INV-H2-001117,0,,,3050848,0.75
INV-H2-001118,0,,,1394553,0.75
INV-H2-001119,0,,,897234,0.75
INV-H2-001120,0,,,2324144,0.75
INV-H2-001121,0,,,1848810,0.75
INV-H2-001122,0,,,1189092,0.75
INV-H2-001123,0,,,1761377,0.75
INV-H2-001124,0,,,1047455,0.75
INV-H2-001125,0,,,1529979,0.75
INV-H2-001126,0,,,3819014,0.75
INV-H2-001127,0,,,1668997,0.75
INV-H2-001128,0,,,3150596,0.75
INV-H2-001129,0,,,623988,0.75
INV-H2-001130,0,,,3384668,0.75
INV-H2-001131,0,,,1634825,0.75
INV-H2-001132,0,,,3223295,0.75
INV-H2-000549,1,duplicate_invoice_id,,4038649,0.9
INV-H3-000001,0,,,3642525,0.75
INV-H3-000002,0,,,2908235,0.75
INV-H3-000003,0,,,4009560,0.75
INV-H3-000004,0,,,4056505,0.75
INV-H3-000005,0,,,5863300,0.75
INV-H3-000006,1,invoice_total_mismatch,5833766,5808766,0.9
INV-H3-000007,0,,,3985625,0.75
INV-H3-000008,0,,,1529125,0.75
INV-H3-000009,0,,,1121650,0.75
INV-H3-000010,0,,,3488955,0.75
INV-H3-000011,0,,,2481031,0.75
INV-H3-000012,0,,,2163625,0.75
INV-H3-000013,0,,,1213100,0.75
INV-H3-000014,0,,,3412575,0.75
INV-H3-000015,0,,,1980335,0.75
INV-H3-000016,0,,,4289481,0.75
INV-H3-000017,1,invalid_service_date,,4700676,0.9
INV-H3-000018,0,,,4492825,0.75
INV-H3-000019,0,,,3964925,0.75
INV-H3-000020,0,,,2359575,0.75
INV-H3-000021,1,duplicate_invoice_id,,2862448,0.9
INV-H3-000022,0,,,1865125,0.75
INV-H3-000023,0,,,4068300,0.75
INV-H3-000024,0,,,2590825,0.75
INV-H3-000025,0,,,3343645,0.75
INV-H3-000026,0,,,3983224,0.75
INV-H3-000027,0,,,1902412,0.75
INV-H3-000028,0,,,1207741,0.75
INV-H3-000029,0,,,801990,0.75
INV-H3-000030,0,,,2292535,0.75
INV-H3-000031,0,,,2697916,0.75
INV-H3-000032,0,,,3046405,0.75
INV-H3-000033,0,,,2979500,0.75
INV-H3-000034,0,,,2352800,0.75
INV-H3-000035,0,,,3007590,0.75
INV-H3-000036,0,,,3181885,0.75
INV-H3-000037,0,,,1593850,0.75
INV-H3-000038,1,invoice_total_mismatch,3575097,3550097,0.9
INV-H3-000039,0,,,1622500,0.75
INV-H3-000040,0,,,1165154,0.75
INV-H3-000041,0,,,2802550,0.75
INV-H3-000042,0,,,2193035,0.75
INV-H3-000043,0,,,720875,0.75
INV-H3-000044,0,,,5049850,0.75
INV-H3-000045,0,,,2978630,0.75
INV-H3-000046,0,,,1238675,0.75
INV-H3-000047,0,,,2054775,0.75
INV-H3-000048,0,,,2452592,0.75
INV-H3-000049,0,,,771475,0.75
INV-H3-000050,0,,,3788788,0.75
INV-H3-000051,0,,,4306608,0.75
INV-H3-000052,0,,,4375660,0.75
INV-H3-000053,0,,,2824325,0.75
INV-H3-000054,0,,,2050950,0.75
INV-H3-000055,0,,,1356475,0.75
INV-H3-000056,0,,,2316310,0.75
INV-H3-000057,0,,,2522185,0.75
INV-H3-000058,0,,,3176856,0.75
INV-H3-000059,0,,,4533925,0.75
INV-H3-000060,0,,,2186260,0.75
INV-H3-000061,0,,,6342830,0.75
INV-H3-000062,0,,,2046525,0.75
INV-H3-000063,0,,,1608750,0.75
INV-H3-000064,1,invalid_service_date,,1413981,0.9
INV-H3-000065,0,,,4144800,0.75
INV-H3-000066,0,,,1563198,0.75
INV-H3-000067,0,,,2127583,0.75
INV-H3-000068,0,,,3582177,0.75
INV-H3-000069,0,,,1948889,0.75
INV-H3-000070,0,,,5801500,0.75
INV-H3-000072,0,,,2149805,0.75
INV-H3-000073,0,,,5710575,0.75
INV-H3-000074,0,,,2059630,0.75
INV-H3-000075,0,,,1177124,0.75
INV-H3-000076,0,,,2139789,0.75
INV-H3-000077,0,,,2827872,0.75
INV-H3-000078,0,,,4439952,0.75
INV-H3-000079,0,,,2659250,0.75
INV-H3-000080,0,,,3198350,0.75
INV-H3-000081,0,,,2271606,0.75
INV-H3-000082,0,,,5772667,0.75
INV-H3-000083,0,,,3575616,0.75
INV-H3-000084,0,,,4270818,0.75
INV-H3-000085,1,duplicate_invoice_id,,4117353,0.9
INV-H3-000086,0,,,1361098,0.75
INV-H3-000087,0,,,3266259,0.75
INV-H3-000088,0,,,4111813,0.75
INV-H3-000089,0,,,4265609,0.75
INV-H3-000090,0,,,1808731,0.75
INV-H3-000091,0,,,3303970,0.75
INV-H3-000092,0,,,925781,0.75
INV-H3-000093,1,line_total_arithmetic,,6133006,0.9
INV-H3-000094,0,,,2092468,0.75
INV-H3-000095,0,,,2789037,0.75
INV-H3-000096,0,,,4412053,0.75
INV-H3-000097,0,,,1000564,0.75
INV-H3-000098,0,,,2735414,0.75
INV-H3-000099,0,,,2625691,0.75
INV-H3-000100,0,,,2109675,0.75
INV-H3-000102,0,,,5255671,0.75
INV-H3-000103,0,,,2296594,0.75
INV-H3-000104,0,,,4911160,0.75
INV-H3-000105,0,,,1192953,0.75
INV-H3-000106,0,,,2634361,0.75
INV-H3-000107,0,,,2584378,0.75
INV-H3-000108,0,,,4367322,0.75
INV-H3-000109,0,,,5408087,0.75
INV-H3-000110,0,,,1684768,0.75
INV-H3-000111,0,,,2383875,0.75
INV-H3-000112,0,,,1742398,0.75
INV-H3-000113,0,,,5731381,0.75
INV-H3-000114,0,,,1192814,0.75
INV-H3-000115,0,,,2667417,0.75
INV-H3-000116,0,,,4073539,0.75
INV-H3-000117,0,,,1089825,0.75
INV-H3-000118,0,,,1748994,0.75
INV-H3-000119,0,,,3946345,0.75
INV-H3-000120,0,,,2310243,0.75
INV-H3-000121,0,,,3402473,0.75
INV-H3-000122,0,,,5179244,0.75
INV-H3-000123,0,,,2039450,0.75
INV-H3-000124,0,,,4141162,0.75
INV-H3-000125,0,,,2340795,0.75
INV-H3-000126,0,,,5640439,0.75
INV-H3-000127,0,,,5644242,0.75
INV-H3-000128,1,contract_number_mismatch,,881729,0.9
INV-H3-000129,0,,,4240496,0.75
INV-H3-000130,0,,,1372600,0.75
INV-H3-000131,0,,,2896247,0.75
INV-H3-000132,0,,,2052490,0.75
INV-H3-000133,0,,,1012000,0.75
INV-H3-000134,0,,,2953243,0.75
INV-H3-000135,0,,,1778600,0.75
INV-H3-000136,0,,,4579968,0.75
INV-H3-000137,0,,,4394713,0.75
INV-H3-000138,0,,,4478817,0.75
INV-H3-000139,0,,,2278850,0.75
INV-H3-000140,1,invalid_service_date,1740448,1739448,0.9
INV-H3-000141,0,,,3488845,0.75
INV-H3-000142,0,,,3506118,0.75
INV-H3-000143,0,,,5464650,0.75
INV-H3-000144,0,,,3387332,0.75
INV-H3-000145,0,,,678827,0.75
INV-H3-000146,0,,,1562883,0.75
INV-H3-000147,0,,,5040665,0.75
INV-H3-000148,1,duplicate_invoice_id,,3271321,0.9
INV-H3-000149,0,,,2077987,0.75
INV-H3-000150,0,,,2849287,0.75
INV-H3-000151,0,,,3755802,0.75
INV-H3-000152,0,,,2359561,0.75
INV-H3-000153,0,,,267839,0.75
INV-H3-000154,0,,,1491125,0.75
INV-H3-000155,0,,,3687556,0.75
INV-H3-000156,0,,,4073409,0.75
INV-H3-000157,0,,,6489494,0.75
INV-H3-000158,0,,,4430967,0.75
INV-H3-000159,0,,,5737941,0.75
INV-H3-000160,0,,,3567475,0.75
INV-H3-000161,0,,,2090866,0.75
INV-H3-000162,0,,,715835,0.75
INV-H3-000163,0,,,1920810,0.75
INV-H3-000164,0,,,3537602,0.75
INV-H3-000165,0,,,2458930,0.75
INV-H3-000166,0,,,667075,0.75
INV-H3-000167,0,,,3634942,0.75
INV-H3-000168,0,,,3306363,0.75
INV-H3-000169,0,,,1786082,0.75
INV-H3-000170,0,,,2347891,0.75
INV-H3-000171,0,,,3861805,0.75
INV-H3-000172,0,,,3824234,0.75
INV-H3-000173,0,,,2611235,0.75
INV-H3-000174,0,,,1545170,0.75
INV-H3-000175,0,,,2449375,0.75
INV-H3-000176,0,,,1326312,0.75
INV-H3-000177,0,,,1316762,0.75
INV-H3-000178,0,,,1664920,0.75
INV-H3-000179,0,,,1627201,0.75
INV-H3-000180,0,,,2072229,0.75
INV-H3-000181,0,,,4635942,0.75
INV-H3-000182,0,,,2506010,0.75
INV-H3-000183,0,,,1069831,0.75
INV-H3-000184,0,,,2893431,0.75
INV-H3-000185,0,,,4468402,0.75
INV-H3-000186,0,,,1192225,0.75
INV-H3-000187,0,,,4406200,0.75
INV-H3-000188,0,,,2658062,0.75
INV-H3-000189,0,,,1668701,0.75
INV-H3-000190,0,,,1781390,0.75
INV-H3-000191,0,,,1130450,0.75
INV-H3-000192,0,,,895350,0.75
INV-H3-000193,0,,,860651,0.75
INV-H3-000194,0,,,2276804,0.75
INV-H3-000195,0,,,5677016,0.75
INV-H3-000196,0,,,3350736,0.75
INV-H3-000197,0,,,3991765,0.75
INV-H3-000198,0,,,4266496,0.75
INV-H3-000199,0,,,3188609,0.75
INV-H3-000200,0,,,3939560,0.75
INV-H3-000201,0,,,3392518,0.75
INV-H3-000202,0,,,4554734,0.75
INV-H3-000203,0,,,4626878,0.75
INV-H3-000204,0,,,4962801,0.75
INV-H3-000205,0,,,4071739,0.75
INV-H3-000206,0,,,967030,0.75
INV-H3-000207,0,,,3464947,0.75
INV-H3-000208,0,,,2132220,0.75
INV-H3-000209,0,,,2664782,0.75
INV-H3-000210,0,,,6902928,0.75
INV-H3-000211,0,,,1435800,0.75
INV-H3-000212,0,,,3418255,0.75
INV-H3-000213,0,,,1888375,0.75
INV-H3-000214,0,,,1904090,0.75
INV-H3-000215,0,,,2252954,0.75
INV-H3-000216,0,,,517255,0.75
INV-H3-000217,0,,,2821690,0.75
INV-H3-000218,0,,,4377877,0.75
INV-H3-000219,0,,,4121103,0.75
INV-H3-000220,0,,,1382975,0.75
INV-H3-000221,1,invalid_service_date,,2882235,0.9
INV-H3-000222,0,,,1062375,0.75
INV-H3-000223,0,,,2978097,0.75
INV-H3-000224,0,,,1243799,0.75
INV-H3-000225,0,,,990660,0.75
INV-H3-000226,0,,,2782237,0.75
INV-H3-000227,0,,,4352271,0.75
INV-H3-000228,0,,,3318527,0.75
INV-H3-000229,0,,,4267784,0.75
INV-H3-000230,0,,,4647480,0.75
INV-H3-000231,0,,,4454522,0.75
INV-H3-000232,0,,,2474922,0.75
INV-H3-000233,0,,,2454675,0.75
INV-H3-000234,0,,,1394090,0.75
INV-H3-000235,0,,,1007120,0.75
INV-H3-000236,0,,,3145160,0.75
INV-H3-000237,0,,,2095800,0.75
INV-H3-000238,0,,,2090769,0.75
INV-H3-000239,0,,,2210402,0.75
INV-H3-000240,0,,,3109331,0.75
INV-H3-000241,0,,,2422456,0.75
INV-H3-000242,0,,,1954782,0.75
INV-H3-000243,0,,,2866363,0.75
INV-H3-000244,0,,,1227080,0.75
INV-H3-000245,0,,,967183,0.75
INV-H3-000246,0,,,2031615,0.75
INV-H3-000247,0,,,2467420,0.75
INV-H3-000248,0,,,3758220,0.75
INV-H3-000249,0,,,3239761,0.75
INV-H3-000250,0,,,2330052,0.75
INV-H3-000251,0,,,1281594,0.75
INV-H3-000252,0,,,2668032,0.75
INV-H3-000253,0,,,3078925,0.75
INV-H3-000254,0,,,4473568,0.75
INV-H3-000255,0,,,1758575,0.75
INV-H3-000256,0,,,3038692,0.75
INV-H3-000257,0,,,2063175,0.75
INV-H3-000258,0,,,775102,0.75
INV-H3-000259,0,,,2849928,0.75
INV-H3-000260,0,,,1972756,0.75
INV-H3-000261,0,,,2140758,0.75
INV-H3-000262,0,,,4801913,0.75
INV-H3-000263,0,,,1293748,0.75
INV-H3-000264,0,,,3302277,0.75
INV-H3-000265,0,,,3208663,0.75
INV-H3-000266,0,,,5056653,0.75
INV-H3-000267,0,,,1268756,0.75
INV-H3-000268,0,,,1055840,0.75
INV-H3-000269,0,,,1423991,0.75
INV-H3-000270,0,,,1420122,0.75
INV-H3-000271,0,,,3940067,0.75
INV-H3-000272,0,,,972608,0.75
INV-H3-000273,0,,,4077755,0.75
INV-H3-000274,0,,,2246868,0.75
INV-H3-000275,0,,,2336290,0.75
INV-H3-000276,0,,,2575410,0.75
INV-H3-000277,1,invalid_service_date,,2833247,0.9
INV-H3-000278,0,,,4185298,0.75
INV-H3-000279,0,,,2675759,0.75
INV-H3-000280,0,,,1482837,0.75
INV-H3-000281,0,,,2087514,0.75
INV-H3-000282,0,,,1465854,0.75
INV-H3-000283,0,,,4428835,0.75
INV-H3-000284,1,line_total_arithmetic,,4960090,0.9
INV-H3-000285,0,,,3738460,0.75
INV-H3-000286,0,,,2583800,0.75
INV-H3-000287,0,,,2856585,0.75
INV-H3-000288,0,,,1668069,0.75
INV-H3-000289,0,,,2079560,0.75
INV-H3-000290,0,,,1305288,0.75
INV-H3-000291,0,,,3600303,0.75
INV-H3-000292,0,,,3120806,0.75
INV-H3-000293,0,,,5029915,0.75
INV-H3-000294,0,,,1846274,0.75
INV-H3-000295,0,,,3321134,0.75
INV-H3-000296,0,,,875377,0.75
INV-H3-000297,0,,,4008253,0.75
INV-H3-000298,0,,,1280597,0.75
INV-H3-000299,0,,,4663843,0.75
INV-H3-000300,0,,,2366504,0.75
INV-H3-000301,0,,,584765,0.75
INV-H3-000302,0,,,2851784,0.75
INV-H3-000303,0,,,2398761,0.75
INV-H3-000304,0,,,2254728,0.75
INV-H3-000305,0,,,5369852,0.75
INV-H3-000306,0,,,2291309,0.75
INV-H3-000307,0,,,2979876,0.75
INV-H3-000308,0,,,5674337,0.75
INV-H3-000309,0,,,1255941,0.75
INV-H3-000310,0,,,3579397,0.75
INV-H3-000311,0,,,2669817,0.75
INV-H3-000312,0,,,2120285,0.75
INV-H3-000313,0,,,1656090,0.75
INV-H3-000314,0,,,2584085,0.75
INV-H3-000315,0,,,2808637,0.75
INV-H3-000316,0,,,2965511,0.75
INV-H3-000317,0,,,1409111,0.75
INV-H3-000318,0,,,2002531,0.75
INV-H3-000319,0,,,1994444,0.75
INV-H3-000320,0,,,3519298,0.75
INV-H3-000321,0,,,809375,0.75
INV-H3-000322,0,,,4460091,0.75
INV-H3-000323,0,,,4914608,0.75
INV-H3-000324,1,duplicate_invoice_id,,3158141,0.9
INV-H3-000325,0,,,4438825,0.75
INV-H3-000326,0,,,1176004,0.75
INV-H3-000327,0,,,2881395,0.75
INV-H3-000328,0,,,3115283,0.75
INV-H3-000329,0,,,5813300,0.75
INV-H3-000330,0,,,3100873,0.75
INV-H3-000331,0,,,2407428,0.75
INV-H3-000332,1,invalid_service_date,,4925293,0.9
INV-H3-000333,0,,,1677524,0.75
INV-H3-000334,1,duplicate_invoice_id,,2722333,0.9
INV-H3-000335,0,,,3284145,0.75
INV-H3-000336,0,,,4078379,0.75
INV-H3-000337,0,,,1678515,0.75
INV-H3-000338,0,,,3561443,0.75
INV-H3-000339,0,,,914300,0.75
INV-H3-000340,1,contract_number_mismatch,,3870957,0.9
INV-H3-000341,0,,,1351390,0.75
INV-H3-000342,0,,,3544012,0.75
INV-H3-000343,0,,,5494992,0.75
INV-H3-000344,0,,,3057951,0.75
INV-H3-000346,0,,,2421974,0.75
INV-H3-000347,0,,,1822098,0.75
INV-H3-000348,0,,,1258643,0.75
INV-H3-000349,0,,,3318030,0.75
INV-H3-000350,0,,,3643337,0.75
INV-H3-000351,1,invalid_service_date,,940257,0.9
INV-H3-000352,1,duplicate_invoice_id,,1619358,0.9
INV-H3-000353,0,,,3005067,0.75
INV-H3-000354,0,,,1327549,0.75
INV-H3-000355,0,,,2542679,0.75
INV-H3-000356,0,,,893175,0.75
INV-H3-000357,0,,,724170,0.75
INV-H3-000358,0,,,2515793,0.75
INV-H3-000359,0,,,1321233,0.75
INV-H3-000360,0,,,1872785,0.75
INV-H3-000361,0,,,680391,0.75
INV-H3-000362,0,,,2478315,0.75
INV-H3-000363,0,,,2021865,0.75
INV-H3-000364,0,,,717492,0.75
INV-H3-000365,0,,,2076880,0.75
INV-H3-000366,0,,,1721197,0.75
INV-H3-000367,0,,,1226552,0.75
INV-H3-000368,0,,,2454243,0.75
INV-H3-000369,0,,,987804,0.75
INV-H3-000370,0,,,1644625,0.75
INV-H3-000371,1,invalid_service_date,,757680,0.9
INV-H3-000372,0,,,3705794,0.75
INV-H3-000373,0,,,2974080,0.75
INV-H3-000374,0,,,2207638,0.75
INV-H3-000375,1,line_total_arithmetic,,3934697,0.9
INV-H3-000376,0,,,2699524,0.75
INV-H3-000377,0,,,1450513,0.75
INV-H3-000378,0,,,695900,0.75
INV-H3-000379,0,,,3426839,0.75
INV-H3-000380,0,,,2527400,0.75
INV-H3-000381,1,duplicate_invoice_id,,3105971,0.9
INV-H3-000382,0,,,2422535,0.75
INV-H3-000383,0,,,1443865,0.75
INV-H3-000384,0,,,1841225,0.75
INV-H3-000385,0,,,1162656,0.75
INV-H3-000386,0,,,3538584,0.75
INV-H3-000387,0,,,1167943,0.75
INV-H3-000388,0,,,1485550,0.75
INV-H3-000389,0,,,2820751,0.75
INV-H3-000390,0,,,3011640,0.75
INV-H3-000391,0,,,2317653,0.75
INV-H3-000392,0,,,6412428,0.75
INV-H3-000393,0,,,1479500,0.75
INV-H3-000394,0,,,1354133,0.75
INV-H3-000395,0,,,4059927,0.75
INV-H3-000396,0,,,4882503,0.75
INV-H3-000397,0,,,1053916,0.75
INV-H3-000398,0,,,4307147,0.75
INV-H3-000399,0,,,2061652,0.75
INV-H3-000400,0,,,2273634,0.75
INV-H3-000401,0,,,2289619,0.75
INV-H3-000402,0,,,1030376,0.75
INV-H3-000403,0,,,1723380,0.75
INV-H3-000404,0,,,2432324,0.75
INV-H3-000405,0,,,2754465,0.75
INV-H3-000406,0,,,1330794,0.75
INV-H3-000407,0,,,1651890,0.75
INV-H3-000408,0,,,3571126,0.75
INV-H3-000409,0,,,847213,0.75
INV-H3-000410,0,,,2640415,0.75
INV-H3-000411,0,,,2285301,0.75
INV-H3-000412,0,,,3431121,0.75
INV-H3-000413,0,,,1623251,0.75
INV-H3-000414,0,,,2582215,0.75
INV-H3-000415,0,,,2317974,0.75
INV-H3-000416,0,,,3501130,0.75
INV-H3-000417,0,,,3108901,0.75
INV-H3-000418,0,,,2477993,0.75
INV-H3-000419,0,,,4102600,0.75
INV-H3-000420,0,,,3515258,0.75
INV-H3-000421,0,,,4445080,0.75
INV-H3-000422,0,,,2027914,0.75
INV-H3-000423,0,,,5380751,0.75
INV-H3-000424,0,,,1658950,0.75
INV-H3-000425,0,,,2704525,0.75
INV-H3-000426,0,,,3195393,0.75
INV-H3-000427,0,,,3691222,0.75
INV-H3-000428,0,,,4079374,0.75
INV-H3-000429,0,,,1635812,0.75
INV-H3-000430,0,,,5691368,0.75
INV-H3-000431,0,,,2216726,0.75
INV-H3-000432,0,,,3930653,0.75
INV-H3-000433,0,,,3852667,0.75
INV-H3-000434,0,,,2688649,0.75
INV-H3-000435,0,,,4711705,0.75
INV-H3-000436,0,,,2701125,0.75
INV-H3-000437,0,,,2947453,0.75
INV-H3-000438,0,,,1846603,0.75
INV-H3-000439,0,,,3044934,0.75
INV-H3-000440,0,,,1837069,0.75
INV-H3-000441,0,,,1325956,0.75
INV-H3-000442,0,,,3988025,0.75
INV-H3-000443,0,,,4655612,0.75
INV-H3-000445,0,,,1187550,0.75
INV-H3-000446,0,,,3993475,0.75
INV-H3-000447,0,,,972204,0.75
INV-H3-000448,0,,,4355694,0.75
INV-H3-000449,0,,,1622474,0.75
INV-H3-000450,0,,,4008686,0.75
INV-H3-000452,0,,,3479088,0.75
INV-H3-000453,0,,,4896846,0.75
INV-H3-000454,0,,,1592850,0.75
INV-H3-000455,0,,,4208045,0.75
INV-H3-000456,0,,,3707091,0.75
INV-H3-000457,0,,,4279312,0.75
INV-H3-000458,0,,,2222984,0.75
INV-H3-000459,0,,,1317500,0.75
INV-H3-000460,0,,,3160198,0.75
INV-H3-000461,0,,,5519752,0.75
INV-H3-000462,0,,,1439683,0.75
INV-H3-000463,0,,,3219053,0.75
INV-H3-000464,0,,,3751201,0.75
INV-H3-000465,0,,,4251715,0.75
INV-H3-000466,0,,,2459354,0.75
INV-H3-000467,0,,,1703992,0.75
INV-H3-000468,0,,,5886647,0.75
INV-H3-000469,0,,,1587110,0.75
INV-H3-000470,0,,,1300815,0.75
INV-H3-000471,0,,,4089865,0.75
INV-H3-000472,0,,,5596705,0.75
INV-H3-000473,0,,,3656652,0.75
INV-H3-000474,0,,,2078701,0.75
INV-H3-000475,0,,,2980293,0.75
INV-H3-000476,0,,,3087010,0.75
INV-H3-000477,0,,,2486155,0.75
INV-H3-000478,0,,,1588911,0.75
INV-H3-000479,0,,,2825081,0.75
INV-H3-000480,0,,,1405764,0.75
INV-H3-000481,0,,,3132194,0.75
INV-H3-000482,0,,,5256564,0.75
INV-H3-000483,0,,,3628363,0.75
INV-H3-000484,0,,,2857716,0.75
INV-H3-000485,0,,,3810575,0.75
INV-H3-000486,0,,,3549214,0.75
INV-H3-000487,0,,,1542510,0.75
INV-H3-000488,0,,,1587190,0.75
INV-H3-000489,0,,,4410294,0.75
INV-H3-000490,0,,,4635311,0.75
INV-H3-000491,0,,,3031146,0.75
INV-H3-000492,0,,,3939718,0.75
INV-H3-000493,0,,,2162917,0.75
INV-H3-000494,0,,,4625479,0.75
INV-H3-000495,0,,,4155233,0.75
INV-H3-000496,0,,,1460292,0.75
INV-H3-000497,0,,,3787432,0.75
INV-H3-000498,0,,,746800,0.75
INV-H3-000499,0,,,2510715,0.75
INV-H3-000500,0,,,1543999,0.75
INV-H3-000501,0,,,4838595,0.75
INV-H3-000502,0,,,2890857,0.75
INV-H3-000503,0,,,1983675,0.75
INV-H3-000504,0,,,1571425,0.75
INV-H3-000505,0,,,2146935,0.75
INV-H3-000506,0,,,4826401,0.75
INV-H3-000507,0,,,2111931,0.75
INV-H3-000508,0,,,5882488,0.75
INV-H3-000509,0,,,1606500,0.75
INV-H3-000510,0,,,3190771,0.75
INV-H3-000511,1,invalid_service_date,,3275914,0.9
INV-H3-000512,0,,,3022326,0.75
INV-H3-000513,0,,,1009369,0.75
INV-H3-000514,0,,,1052504,0.75
INV-H3-000515,0,,,3852464,0.75
INV-H3-000516,0,,,2630209,0.75
INV-H3-000517,0,,,3916004,0.75
INV-H3-000518,0,,,962297,0.75
INV-H3-000519,1,invalid_service_date,,5156320,0.9
INV-H3-000520,0,,,934154,0.75
INV-H3-000521,0,,,4582974,0.75
INV-H3-000522,0,,,1646077,0.75
INV-H3-000523,0,,,5465371,0.75
INV-H3-000524,0,,,3069495,0.75
INV-H3-000525,0,,,2813784,0.75
INV-H3-000526,0,,,2351240,0.75
INV-H3-000527,0,,,4451577,0.75
INV-H3-000528,1,wrong_unit_basis,,5335500,0.95
INV-H3-000529,0,,,5138061,0.75
INV-H3-000530,0,,,4685283,0.75
INV-H3-000531,0,,,1349824,0.75
INV-H3-000532,0,,,2162095,0.75
INV-H3-000533,0,,,3120689,0.75
INV-H3-000534,0,,,2294208,0.75
INV-H3-000535,0,,,1661983,0.75
INV-H3-000536,0,,,5678787,0.75
INV-H3-000537,0,,,5535363,0.75
INV-H3-000538,0,,,3761135,0.75
INV-H3-000539,0,,,1898399,0.75
INV-H3-000540,0,,,5031053,0.75
INV-H3-000541,0,,,5042950,0.75
INV-H3-000542,0,,,1483885,0.75
INV-H3-000543,0,,,4273409,0.75
INV-H3-000544,0,,,1496585,0.75
INV-H3-000545,0,,,1992091,0.75
INV-H3-000546,0,,,4199469,0.75
INV-H3-000547,0,,,1793479,0.75
INV-H3-000548,0,,,3780600,0.75
INV-H3-000549,0,,,632222,0.75
INV-H3-000550,0,,,2112615,0.75
INV-H3-000551,0,,,2365136,0.75
INV-H3-000552,0,,,2129160,0.75
INV-H3-000553,0,,,2829251,0.75
INV-H3-000554,0,,,896743,0.75
INV-H3-000555,0,,,4569560,0.75
INV-H3-000556,0,,,3215828,0.75
INV-H3-000557,0,,,946635,0.75
INV-H3-000558,0,,,2223251,0.75
INV-H3-000559,0,,,1222949,0.75
INV-H3-000560,0,,,1914351,0.75
INV-H3-000561,0,,,5976733,0.75
INV-H3-000562,0,,,1326928,0.75
INV-H3-000563,0,,,1630315,0.75
INV-H3-000564,0,,,2089596,0.75
INV-H3-000565,0,,,1543378,0.75
INV-H3-000566,0,,,2355847,0.75
INV-H3-000567,0,,,4725194,0.75
INV-H3-000568,0,,,3255149,0.75
INV-H3-000569,0,,,3211128,0.75
INV-H3-000570,0,,,3537739,0.75
INV-H3-000571,0,,,1000673,0.75
INV-H3-000572,0,,,4585023,0.75
INV-H3-000573,0,,,1617505,0.75
INV-H3-000574,0,,,3886102,0.75
INV-H3-000575,0,,,2133408,0.75
INV-H3-000576,0,,,4165113,0.75
INV-H3-000577,0,,,2116580,0.75
INV-H3-000578,0,,,2599242,0.75
INV-H3-000579,0,,,1735230,0.75
INV-H3-000580,0,,,3746399,0.75
INV-H3-000581,0,,,1626740,0.75
INV-H3-000582,0,,,2791270,0.75
INV-H3-000583,0,,,2040792,0.75
INV-H3-000584,0,,,2568524,0.75
INV-H3-000585,0,,,4437313,0.75
INV-H3-000586,0,,,1714262,0.75
INV-H3-000587,0,,,2548460,0.75
INV-H3-000588,0,,,4209747,0.75
INV-H3-000589,0,,,1413600,0.75
INV-H3-000590,0,,,1062716,0.75
INV-H3-000591,0,,,2326614,0.75
INV-H3-000592,0,,,2351950,0.75
INV-H3-000593,0,,,2946528,0.75
INV-H3-000594,0,,,2622423,0.75
INV-H3-000595,0,,,3212435,0.75
INV-H3-000596,1,invoice_total_mismatch,1328425,1353425,0.9
INV-H3-000597,0,,,2763642,0.75
INV-H3-000598,0,,,4266606,0.75
INV-H3-000599,0,,,3952368,0.75
INV-H3-000600,0,,,1181936,0.75
INV-H3-000601,0,,,1758720,0.75
INV-H3-000602,0,,,2903585,0.75
INV-H3-000603,0,,,4087951,0.75
INV-H3-000604,0,,,1460397,0.75
INV-H3-000605,0,,,5188179,0.75
INV-H3-000606,0,,,1715630,0.75
INV-H3-000607,0,,,1683196,0.75
INV-H3-000608,0,,,4687781,0.75
INV-H3-000609,0,,,3958061,0.75
INV-H3-000610,0,,,1280605,0.75
INV-H3-000611,0,,,2620672,0.75
INV-H3-000612,0,,,2605415,0.75
INV-H3-000613,0,,,3899556,0.75
INV-H3-000614,0,,,3531410,0.75
INV-H3-000615,0,,,3651949,0.75
INV-H3-000616,0,,,2455618,0.75
INV-H3-000617,0,,,1986075,0.75
INV-H3-000618,0,,,2526045,0.75
INV-H3-000619,0,,,3116724,0.75
INV-H3-000620,0,,,1673940,0.75
INV-H3-000621,0,,,2670404,0.75
INV-H3-000622,0,,,668775,0.75
INV-H3-000623,0,,,1904016,0.75
INV-H3-000624,0,,,3025727,0.75
INV-H3-000625,0,,,3580886,0.75
INV-H3-000626,0,,,722107,0.75
INV-H3-000627,0,,,4290205,0.75
INV-H3-000628,0,,,4567552,0.75
INV-H3-000629,0,,,2215821,0.75
INV-H3-000630,0,,,2472360,0.75
INV-H3-000631,0,,,2339462,0.75
INV-H3-000632,0,,,2624830,0.75
INV-H3-000633,0,,,1510337,0.75
INV-H3-000634,0,,,2123742,0.75
INV-H3-000635,0,,,936631,0.75
INV-H3-000636,0,,,1955525,0.75
INV-H3-000637,0,,,3055685,0.75
INV-H3-000638,0,,,2890956,0.75
INV-H3-000639,0,,,2652090,0.75
INV-H3-000640,0,,,1302601,0.75
INV-H3-000641,0,,,1674515,0.75
INV-H3-000642,0,,,995375,0.75
INV-H3-000643,0,,,3534723,0.75
INV-H3-000644,0,,,3316764,0.75
INV-H3-000645,0,,,4570371,0.75
INV-H3-000646,0,,,1914630,0.75
INV-H3-000647,0,,,3947500,0.75
INV-H3-000648,0,,,5192171,0.75
INV-H3-000649,0,,,3415809,0.75
INV-H3-000650,0,,,2499927,0.75
INV-H3-000651,0,,,1936547,0.75
INV-H3-000652,0,,,1065969,0.75
INV-H3-000654,0,,,5481069,0.75
INV-H3-000655,0,,,3114597,0.75
INV-H3-000656,0,,,1487115,0.75
INV-H3-000657,0,,,672625,0.75
INV-H3-000658,0,,,1482129,0.75
INV-H3-000659,1,line_total_arithmetic,,3694703,0.9
INV-H3-000660,0,,,4491167,0.75
INV-H3-000661,0,,,880809,0.75
INV-H3-000662,0,,,3525056,0.75
INV-H3-000663,0,,,4226294,0.75
INV-H3-000664,0,,,566596,0.75
INV-H3-000665,0,,,3494543,0.75
INV-H3-000666,0,,,1446606,0.75
INV-H3-000667,0,,,3092945,0.75
INV-H3-000668,0,,,3587878,0.75
INV-H3-000669,0,,,514363,0.75
INV-H3-000670,0,,,5265208,0.75
INV-H3-000671,0,,,2958561,0.75
INV-H3-000672,0,,,995793,0.75
INV-H3-000673,0,,,4225099,0.75
INV-H3-000674,0,,,3398905,0.75
INV-H3-000675,0,,,3301921,0.75
INV-H3-000676,0,,,3978332,0.75
INV-H3-000677,0,,,1947461,0.75
INV-H3-000678,0,,,3242274,0.75
INV-H3-000679,0,,,3365938,0.75
INV-H3-000680,0,,,2573845,0.75
INV-H3-000681,1,invalid_service_date,,2132554,0.9
INV-H3-000682,0,,,1879175,0.75
INV-H3-000683,0,,,4193370,0.75
INV-H3-000684,0,,,3962076,0.75
INV-H3-000685,0,,,2811475,0.75
INV-H3-000686,0,,,1507477,0.75
INV-H3-000687,0,,,4845729,0.75
INV-H3-000688,0,,,1626005,0.75
INV-H3-000689,0,,,4240534,0.75
INV-H3-000690,0,,,4065707,0.75
INV-H3-000691,0,,,4897794,0.75
INV-H3-000692,0,,,2539843,0.75
INV-H3-000693,0,,,2568521,0.75
INV-H3-000694,0,,,3730941,0.75
INV-H3-000695,0,,,4156121,0.75
INV-H3-000696,0,,,3157541,0.75
INV-H3-000697,0,,,4006602,0.75
INV-H3-000698,0,,,3137774,0.75
INV-H3-000699,0,,,1467283,0.75
INV-H3-000700,0,,,4189369,0.75
INV-H3-000701,0,,,1027208,0.75
INV-H3-000702,0,,,3242872,0.75
INV-H3-000703,0,,,3295775,0.75
INV-H3-000705,0,,,831530,0.75
INV-H3-000706,0,,,5393761,0.75
INV-H3-000707,0,,,1488925,0.75
INV-H3-000708,0,,,2003036,0.75
INV-H3-000709,0,,,4056260,0.75
INV-H3-000710,0,,,2337448,0.75
INV-H3-000711,0,,,2972890,0.75
INV-H3-000712,0,,,5427346,0.75
INV-H3-000713,0,,,516575,0.75
INV-H3-000714,0,,,2417803,0.75
INV-H3-000715,0,,,2589505,0.75
INV-H3-000716,0,,,1461455,0.75
INV-H3-000717,0,,,4154396,0.75
INV-H3-000718,0,,,3895001,0.75
INV-H3-000719,0,,,1412244,0.75
INV-H3-000720,0,,,2304088,0.75
INV-H3-000721,0,,,4519168,0.75
INV-H3-000722,0,,,2691831,0.75
INV-H3-000723,0,,,3834659,0.75
INV-H3-000724,0,,,2629947,0.75
INV-H3-000725,0,,,2153261,0.75
INV-H3-000726,0,,,2659547,0.75
INV-H3-000727,0,,,2743756,0.75
INV-H3-000728,0,,,3578751,0.75
INV-H3-000729,0,,,3475503,0.75
INV-H3-000730,0,,,4427478,0.75
INV-H3-000731,0,,,1111588,0.75
INV-H3-000732,0,,,2789905,0.75
INV-H3-000733,0,,,3593776,0.75
INV-H3-000734,0,,,537271,0.75
INV-H3-000735,0,,,3087663,0.75
INV-H3-000736,0,,,3137830,0.75
INV-H3-000737,0,,,3064153,0.75
INV-H3-000738,0,,,2919602,0.75
INV-H3-000739,0,,,4242242,0.75
INV-H3-000740,0,,,602853,0.75
INV-H3-000741,0,,,2915819,0.75
INV-H3-000742,0,,,3466104,0.75
INV-H3-000743,0,,,3790418,0.75
INV-H3-000744,0,,,4264192,0.75
INV-H3-000745,0,,,706010,0.75
INV-H3-000746,0,,,381317,0.75
INV-H3-000747,0,,,1574386,0.75
INV-H3-000748,0,,,1554665,0.75
INV-H3-000749,1,invalid_service_date,,3780850,0.9
INV-H3-000750,0,,,4599898,0.75
INV-H3-000751,0,,,5760591,0.75
INV-H3-000752,0,,,2701313,0.75
INV-H3-000753,0,,,3093941,0.75
INV-H3-000754,0,,,1819057,0.75
INV-H3-000755,0,,,3156586,0.75
INV-H3-000756,0,,,2393158,0.75
INV-H3-000757,0,,,1771249,0.75
INV-H3-000758,0,,,5260560,0.75
INV-H3-000759,0,,,2342309,0.75
INV-H3-000760,0,,,724790,0.75
INV-H3-000761,0,,,4257105,0.75
INV-H3-000762,0,,,3759713,0.75
INV-H3-000763,0,,,930293,0.75
INV-H3-000764,0,,,3031701,0.75
INV-H3-000765,0,,,1784079,0.75
INV-H3-000766,0,,,2357378,0.75
INV-H3-000767,0,,,1823255,0.75
INV-H3-000768,0,,,2840599,0.75
INV-H3-000769,0,,,881425,0.75
INV-H3-000770,0,,,618253,0.75
INV-H3-000771,0,,,3494704,0.75
INV-H3-000772,0,,,3024830,0.75
INV-H3-000773,0,,,4715934,0.75
INV-H3-000774,0,,,1183376,0.75
INV-H3-000775,0,,,3676865,0.75
INV-H3-000776,0,,,2524245,0.75
INV-H3-000777,0,,,6149897,0.75
INV-H3-000778,0,,,2455565,0.75
INV-H3-000779,0,,,1751701,0.75
INV-H3-000780,0,,,2384030,0.75
INV-H3-000781,1,contract_number_mismatch,,2969025,0.9
INV-H3-000782,1,invalid_service_date,,4628823,0.9
INV-H3-000783,0,,,2018521,0.75
INV-H3-000784,0,,,3651635,0.75
INV-H3-000785,0,,,2366751,0.75
INV-H3-000786,0,,,2554654,0.75
INV-H3-000787,1,invalid_service_date,,4234549,0.9
INV-H3-000788,0,,,3407112,0.75
INV-H3-000789,1,line_total_arithmetic,,1888897,0.9
INV-H3-000790,0,,,2284197,0.75
INV-H3-000791,0,,,3873519,0.75
INV-H3-000792,0,,,873775,0.75
INV-H3-000793,0,,,2536612,0.75
INV-H3-000794,1,invoice_total_mismatch,1399664,1424664,0.9
INV-H3-000795,0,,,2317885,0.75
INV-H3-000796,0,,,2636844,0.75
INV-H3-000797,0,,,967300,0.75
INV-H3-000798,0,,,2932721,0.75
INV-H3-000799,0,,,6406346,0.75
INV-H3-000800,0,,,5046666,0.75
INV-H3-000801,0,,,3379755,0.75
INV-H3-000802,0,,,760223,0.75
INV-H3-000803,0,,,3222887,0.75
INV-H3-000804,0,,,2767967,0.75
INV-H3-000805,0,,,3710659,0.75
INV-H3-000806,0,,,3278600,0.75
INV-H3-000807,0,,,1858924,0.75
INV-H3-000808,0,,,1261397,0.75
INV-H3-000809,0,,,3215321,0.75
INV-H3-000810,0,,,630689,0.75
INV-H3-000811,0,,,1836130,0.75
INV-H3-000812,0,,,1244190,0.75
INV-H3-000813,0,,,3923990,0.75
INV-H3-000814,0,,,3200185,0.75
INV-H3-000815,0,,,3254914,0.75
INV-H3-000816,1,invoice_total_mismatch,2622469,2623469,0.9
INV-H3-000817,0,,,3315287,0.75
INV-H3-000818,0,,,5275580,0.75
INV-H3-000819,0,,,2291285,0.75
INV-H3-000820,0,,,1426437,0.75
INV-H3-000821,0,,,2767982,0.75
INV-H3-000822,0,,,1850345,0.75
INV-H3-000823,0,,,1198551,0.75
INV-H3-000824,0,,,4118783,0.75
INV-H3-000825,0,,,1304445,0.75
INV-H3-000826,0,,,3377308,0.75
INV-H3-000827,0,,,3548057,0.75
INV-H3-000828,0,,,970340,0.75
INV-H3-000829,0,,,1971132,0.75
INV-H3-000830,0,,,5252450,0.75
INV-H3-000831,0,,,1894994,0.75
INV-H3-000832,0,,,2325283,0.75
INV-H3-000833,0,,,5333990,0.75
INV-H3-000834,1,invalid_service_date,,3370659,0.9
INV-H3-000835,0,,,3258589,0.75
INV-H3-000836,0,,,1929960,0.75
INV-H3-000837,1,invalid_service_date,,932171,0.9
INV-H3-000838,0,,,1182311,0.75
INV-H3-000839,0,,,3975071,0.75
INV-H3-000840,0,,,2198182,0.75
INV-H3-000841,0,,,2222152,0.75
INV-H3-000842,1,invalid_service_date,,2783025,0.9
INV-H3-000843,0,,,1235319,0.75
INV-H3-000844,0,,,3364487,0.75
INV-H3-000845,0,,,2708497,0.75
INV-H3-000846,0,,,4669641,0.75
INV-H3-000847,0,,,2082753,0.75
INV-H3-000848,0,,,4710941,0.75
INV-H3-000849,0,,,2600044,0.75
INV-H3-000850,0,,,5026295,0.75
INV-H3-000851,0,,,3261972,0.75
INV-H3-000852,0,,,2188525,0.75
INV-H3-000853,0,,,750465,0.75
INV-H3-000854,0,,,1300618,0.75
INV-H3-000855,0,,,598343,0.75
INV-H3-000856,0,,,4388325,0.75
INV-H3-000857,0,,,4031755,0.75
INV-H3-000858,0,,,4117434,0.75
INV-H3-000859,0,,,929398,0.75
INV-H3-000860,0,,,1550156,0.75
INV-H3-000861,0,,,2950086,0.75
INV-H3-000862,0,,,4316227,0.75
INV-H3-000863,0,,,657175,0.75
INV-H3-000864,0,,,4957347,0.75
INV-H3-000865,0,,,2180620,0.75
INV-H3-000866,0,,,2501760,0.75
INV-H3-000867,0,,,3723227,0.75
INV-H3-000868,0,,,3319399,0.75
INV-H3-000869,0,,,1768443,0.75
INV-H3-000870,0,,,2075936,0.75
INV-H3-000871,0,,,3470455,0.75
INV-H3-000872,0,,,5207506,0.75
INV-H3-000873,0,,,4007328,0.75
INV-H3-000874,0,,,3229314,0.75
INV-H3-000875,0,,,3748325,0.75
INV-H3-000876,0,,,3476986,0.75
INV-H3-000877,0,,,3062855,0.75
INV-H3-000878,0,,,3762504,0.75
INV-H3-000879,1,invalid_service_date,,3718750,0.9
INV-H3-000880,0,,,2894238,0.75
INV-H3-000881,0,,,1632800,0.75
INV-H3-000882,0,,,1770462,0.75
INV-H3-000883,0,,,1765247,0.75
INV-H3-000884,0,,,3148530,0.75
INV-H3-000885,0,,,2107517,0.75
INV-H3-000886,0,,,4669482,0.75
INV-H3-000887,0,,,3561548,0.75
INV-H3-000888,0,,,813251,0.75
INV-H3-000889,0,,,1053370,0.75
INV-H3-000890,0,,,585236,0.75
INV-H3-000891,0,,,3024155,0.75
INV-H3-000892,0,,,1009674,0.75
INV-H3-000893,0,,,3387265,0.75
INV-H3-000894,0,,,2610416,0.75
INV-H3-000895,0,,,1329656,0.75
INV-H3-000896,0,,,2155380,0.75
INV-H3-000897,0,,,2833994,0.75
INV-H3-000898,0,,,3808756,0.75
INV-H3-000899,0,,,1543629,0.75
INV-H3-000900,0,,,2769562,0.75
INV-H3-000901,0,,,2043225,0.75
INV-H3-000902,0,,,1562901,0.75
INV-H3-000903,0,,,2067395,0.75
INV-H3-000904,0,,,2428975,0.75
INV-H3-000905,0,,,3125341,0.75
INV-H3-000906,0,,,4013496,0.75
INV-H3-000907,0,,,951492,0.75
INV-H3-000908,0,,,3555714,0.75
INV-H3-000909,0,,,922816,0.75
INV-H3-000910,0,,,2491406,0.75
INV-H3-000911,0,,,3501125,0.75
INV-H3-000912,0,,,2291674,0.75
INV-H3-000913,0,,,2594630,0.75
INV-H3-000914,0,,,2567199,0.75
INV-H3-000915,0,,,2276481,0.75
INV-H3-000916,0,,,2426045,0.75
INV-H3-000917,0,,,3381300,0.75
INV-H3-000918,0,,,4167031,0.75
INV-H3-000919,0,,,3767997,0.75
INV-H3-000920,0,,,3225018,0.75
INV-H3-000921,0,,,2818319,0.75
INV-H3-000922,0,,,4305802,0.75
INV-H3-000923,0,,,2013042,0.75
INV-H3-000924,0,,,3415747,0.75
INV-H3-000925,0,,,4378954,0.75
INV-H3-000926,0,,,4230770,0.75
INV-H3-000927,0,,,5884230,0.75
INV-H3-000928,0,,,4661382,0.75
INV-H3-000929,0,,,1543690,0.75
INV-H3-000930,0,,,2183668,0.75
INV-H3-000931,0,,,876385,0.75
INV-H3-000932,0,,,2288377,0.75
INV-H3-000933,0,,,1504813,0.75
INV-H3-000934,1,invalid_service_date,,887050,0.9
INV-H3-000935,1,invalid_service_date,,4316041,0.9
INV-H3-000936,0,,,3110365,0.75
INV-H3-000937,0,,,2073634,0.75
INV-H3-000938,0,,,3317874,0.75
INV-H3-000939,0,,,1461575,0.75
INV-H4-000001,0,,,1684325,0.75
INV-H4-000002,0,,,3709750,0.75
INV-H4-000003,0,,,2990225,0.75
INV-H4-000004,0,,,4541425,0.75
INV-H4-000005,0,,,1061450,0.75
INV-H4-000006,1,invoice_total_mismatch,641175,640175,0.9
INV-H4-000007,0,,,2396750,0.75
INV-H4-000008,1,invalid_service_date,,3525273,0.9
INV-H4-000009,0,,,3544989,0.75
INV-H4-000010,0,,,4801591,0.75
INV-H4-000011,0,,,2887300,0.75
INV-H4-000012,0,,,2835575,0.75
INV-H4-000013,0,,,2946850,0.75
INV-H4-000014,0,,,2658825,0.75
INV-H4-000015,0,,,3635025,0.75
INV-H4-000016,0,,,3234050,0.75
INV-H4-000017,1,line_total_arithmetic,,4939975,0.9
INV-H4-000018,1,duplicate_service_billing,,1493475,0.9
INV-H4-000019,0,,,1312175,0.75
INV-H4-000020,0,,,3385425,0.75
INV-H4-000021,0,,,2524150,0.75
INV-H4-000022,0,,,2760525,0.75
INV-H4-000023,0,,,3356650,0.75
INV-H4-000024,0,,,1381558,0.75
INV-H4-000025,0,,,729989,0.75
INV-H4-000026,0,,,3085997,0.75
INV-H4-000027,0,,,3087600,0.75
INV-H4-000028,0,,,1136750,0.75
INV-H4-000029,0,,,819175,0.75
INV-H4-000030,0,,,1854450,0.75
INV-H4-000031,0,,,1691400,0.75
INV-H4-000032,0,,,433650,0.75
INV-H4-000033,0,,,3745725,0.75
INV-H4-000034,0,,,3938675,0.75
INV-H4-000035,0,,,4272200,0.75
INV-H4-000036,0,,,2580775,0.75
INV-H4-000037,0,,,4330300,0.75
INV-H4-000038,0,,,2275900,0.75
INV-H4-000039,0,,,3695050,0.75
INV-H4-000040,0,,,4906925,0.75
INV-H4-000041,0,,,2268000,0.75
INV-H4-000042,0,,,3924275,0.75
INV-H4-000043,0,,,1803400,0.75
INV-H4-000044,0,,,2826210,0.75
INV-H4-000045,0,,,2151575,0.75
INV-H4-000046,0,,,2192275,0.75
INV-H4-000047,0,,,3509309,0.75
INV-H4-000048,0,,,1024025,0.75
INV-H4-000049,0,,,2746450,0.75
INV-H4-000050,0,,,3023285,0.75
INV-H4-000051,0,,,4283425,0.75
INV-H4-000052,0,,,2886250,0.75
INV-H4-000053,0,,,3818450,0.75
INV-H4-000054,0,,,1927440,0.75
INV-H4-000055,0,,,3426725,0.75
INV-H4-000056,0,,,1540100,0.75
INV-H4-000057,0,,,3328750,0.75
INV-H4-000058,0,,,1646025,0.75
INV-H4-000059,0,,,822175,0.75
INV-H4-000060,0,,,805625,0.75
INV-H4-000061,0,,,1590875,0.75
INV-H4-000062,0,,,3792825,0.75
INV-H4-000063,0,,,2568575,0.75
INV-H4-000064,0,,,1531425,0.75
INV-H4-000065,0,,,540310,0.75
INV-H4-000066,0,,,4668562,0.75
INV-H4-000067,0,,,3881800,0.75
INV-H4-000068,0,,,1482320,0.75
INV-H4-000069,1,duplicate_service_billing,,3522700,0.9
INV-H4-000070,0,,,4395000,0.75
INV-H4-000071,0,,,1617900,0.75
INV-H4-000072,0,,,1932625,0.75
INV-H4-000073,1,duplicate_invoice_id,,1575625,0.9
INV-H4-000074,0,,,3497250,0.75
INV-H4-000075,0,,,2816942,0.75
INV-H4-000076,0,,,1949250,0.75
INV-H4-000077,0,,,2865381,0.75
INV-H4-000078,0,,,2875625,0.75
INV-H4-000079,1,duplicate_invoice_id,,233850,0.9
INV-H4-000080,0,,,3508000,0.75
INV-H4-000081,0,,,3437800,0.75
INV-H4-000082,0,,,5197300,0.75
INV-H4-000083,0,,,3067400,0.75
INV-H4-000084,1,duplicate_service_billing,,4715550,0.9
INV-H4-000085,0,,,3151125,0.75
INV-H4-000086,0,,,1398675,0.75
INV-H4-000087,0,,,3411011,0.75
INV-H4-000088,0,,,5285671,0.75
INV-H4-000089,0,,,1592319,0.75
INV-H4-000090,0,,,1209350,0.75
INV-H4-000091,0,,,1420275,0.75
INV-H4-000092,0,,,3900715,0.75
INV-H4-000093,0,,,2654600,0.75
INV-H4-000094,0,,,2378395,0.75
INV-H4-000095,1,line_total_arithmetic,,1797350,0.9
INV-H4-000096,0,,,2712075,0.75
INV-H4-000097,0,,,2515900,0.75
INV-H4-000098,0,,,2846400,0.75
INV-H4-000099,0,,,3632444,0.75
INV-H4-000100,0,,,1400750,0.75
INV-H4-000101,0,,,997375,0.75
INV-H4-000102,0,,,1967575,0.75
INV-H4-000103,0,,,4815295,0.75
INV-H4-000104,1,contract_number_mismatch,,763938,0.9
INV-H4-000105,1,invalid_service_date,,1369450,0.9
INV-H4-000106,0,,,1241425,0.75
INV-H4-000107,0,,,2848100,0.75
INV-H4-000108,0,,,1704800,0.75
INV-H4-000109,0,,,4800150,0.75
INV-H4-000110,0,,,1614575,0.75
INV-H4-000111,0,,,3388731,0.75
INV-H4-000112,0,,,1157155,0.75
INV-H4-000113,0,,,1557700,0.75
INV-H4-000114,0,,,4447625,0.75
INV-H4-000115,0,,,3446700,0.75
INV-H4-000116,0,,,3422822,0.75
INV-H4-000117,0,,,1002076,0.75
INV-H4-000118,0,,,3885968,0.75
INV-H4-000119,0,,,1533750,0.75
INV-H4-000120,0,,,2225600,0.75
INV-H4-000121,1,invalid_service_date,,1732875,0.9
INV-H4-000122,0,,,2184175,0.75
INV-H4-000123,0,,,3924125,0.75
INV-H4-000124,0,,,5059925,0.75
INV-H4-000125,0,,,2398750,0.75
INV-H4-000126,0,,,1198500,0.75
INV-H4-000127,0,,,4277050,0.75
INV-H4-000128,0,,,2878080,0.75
INV-H4-000129,0,,,2475375,0.75
INV-H4-000130,0,,,1120375,0.75
INV-H4-000131,0,,,2284750,0.75
INV-H4-000132,0,,,2168372,0.75
INV-H4-000133,0,,,1665300,0.75
INV-H4-000134,0,,,1879100,0.75
INV-H4-000135,0,,,2150499,0.75
INV-H4-000136,0,,,1312475,0.75
INV-H4-000137,0,,,1185400,0.75
INV-H4-000138,0,,,408732,0.75
INV-H4-000139,0,,,3165685,0.75
INV-H4-000140,0,,,2104082,0.75
INV-H4-000141,0,,,2871700,0.75
INV-H4-000142,0,,,3154150,0.75
INV-H4-000143,0,,,2047525,0.75
INV-H4-000144,1,contract_number_mismatch,,3105319,0.9
INV-H4-000145,0,,,3600775,0.75
INV-H4-000146,0,,,2873750,0.75
INV-H4-000147,0,,,3627292,0.75
INV-H4-000148,0,,,1207325,0.75
INV-H4-000149,0,,,1433525,0.75
INV-H4-000150,0,,,1510135,0.75
INV-H4-000151,0,,,4528550,0.75
INV-H4-000152,0,,,1673314,0.75
INV-H4-000153,1,invalid_service_date,,3656250,0.9
INV-H4-000154,0,,,1006400,0.75
INV-H4-000155,0,,,1748312,0.75
INV-H4-000156,0,,,1706925,0.75
INV-H4-000157,1,invoice_total_mismatch,1041600,1066600,0.9
INV-H4-000158,0,,,1897325,0.75
INV-H4-000159,0,,,1671850,0.75
INV-H4-000160,0,,,481550,0.75
INV-H4-000161,0,,,2578975,0.75
INV-H4-000162,0,,,3059865,0.75
INV-H4-000163,0,,,3712175,0.75
INV-H4-000164,1,contract_number_mismatch,,2241308,0.9
INV-H4-000165,0,,,3413175,0.75
INV-H4-000166,0,,,1360729,0.75
INV-H4-000167,0,,,4001084,0.75
INV-H4-000168,0,,,2221715,0.75
INV-H4-000169,0,,,2116475,0.75
INV-H4-000170,0,,,2401000,0.75
INV-H4-000171,0,,,3983406,0.75
INV-H4-000172,0,,,2225568,0.75
INV-H4-000173,0,,,2904550,0.75
INV-H4-000174,0,,,1591425,0.75
INV-H4-000175,0,,,3231725,0.75
INV-H4-000176,0,,,1732674,0.75
INV-H4-000177,0,,,3061075,0.75
INV-H4-000178,0,,,3878225,0.75
INV-H4-000179,0,,,1998140,0.75
INV-H4-000180,0,,,2976218,0.75
INV-H4-000181,0,,,1433750,0.75
INV-H4-000182,0,,,3573500,0.75
INV-H4-000183,0,,,3944406,0.75
INV-H4-000184,0,,,1978025,0.75
INV-H4-000185,0,,,3031025,0.75
INV-H4-000186,0,,,3391488,0.75
INV-H4-000187,0,,,4163750,0.75
INV-H4-000188,0,,,480600,0.75
INV-H4-000189,0,,,2477850,0.75
INV-H4-000190,0,,,4348650,0.75
INV-H4-000191,0,,,2686650,0.75
INV-H4-000192,0,,,3168856,0.75
INV-H4-000193,0,,,2231223,0.75
INV-H4-000194,0,,,5330400,0.75
INV-H4-000195,0,,,2564800,0.75
INV-H4-000196,0,,,2769483,0.75
INV-H4-000197,0,,,3709100,0.75
INV-H4-000198,0,,,892825,0.75
INV-H4-000199,0,,,3183225,0.75
INV-H4-000200,0,,,2877375,0.75
INV-H4-000201,0,,,875700,0.75
INV-H4-000202,0,,,1981900,0.75
INV-H4-000203,0,,,1979184,0.75
INV-H4-000204,0,,,4171025,0.75
INV-H4-000205,0,,,3493500,0.75
INV-H4-000206,0,,,1988225,0.75
INV-H4-000207,0,,,930000,0.75
INV-H4-000208,0,,,3600552,0.75
INV-H4-000209,0,,,2321736,0.75
INV-H4-000210,0,,,5038300,0.75
INV-H4-000211,0,,,3056100,0.75
INV-H4-000212,0,,,2243138,0.75
INV-H4-000213,0,,,2984225,0.75
INV-H4-000214,0,,,3246025,0.75
INV-H4-000215,0,,,604825,0.75
INV-H4-000216,0,,,1973625,0.75
INV-H4-000217,0,,,2424724,0.75
INV-H4-000218,0,,,2091390,0.75
INV-H4-000219,0,,,3351025,0.75
INV-H4-000220,0,,,4985275,0.75
INV-H4-000221,0,,,1251552,0.75
INV-H4-000222,0,,,1049900,0.75
INV-H4-000223,0,,,2854625,0.75
INV-H4-000224,0,,,1980323,0.75
INV-H4-000225,0,,,2624625,0.75
INV-H4-000226,1,line_total_arithmetic,,941750,0.9
INV-H4-000227,0,,,4035850,0.75
INV-H4-000228,0,,,2264805,0.75
INV-H4-000229,0,,,2680971,0.75
INV-H4-000230,0,,,3617087,0.75
INV-H4-000231,0,,,4372475,0.75
INV-H4-000232,0,,,1930675,0.75
INV-H4-000233,0,,,2666630,0.75
INV-H4-000234,0,,,1089700,0.75
INV-H4-000235,1,contract_number_mismatch,,1538350,0.9
INV-H4-000236,0,,,2297550,0.75
INV-H4-000237,0,,,3644221,0.75
INV-H4-000238,0,,,1045225,0.75
INV-H4-000239,0,,,3914800,0.75
INV-H4-000240,0,,,2711979,0.75
INV-H4-000241,0,,,2652700,0.75
INV-H4-000242,0,,,4025602,0.75
INV-H4-000243,0,,,1488475,0.75
INV-H4-000244,0,,,1335750,0.75
INV-H4-000245,0,,,1497140,0.75
INV-H4-000246,0,,,2716947,0.75
INV-H4-000247,0,,,3224198,0.75
INV-H4-000248,0,,,2382309,0.75
INV-H4-000249,0,,,2468650,0.75
INV-H4-000250,0,,,2665181,0.75
INV-H4-000251,0,,,1327425,0.75
INV-H4-000252,0,,,2894100,0.75
INV-H4-000253,0,,,985450,0.75
INV-H4-000254,0,,,1369875,0.75
INV-H4-000255,0,,,1882120,0.75
INV-H4-000256,0,,,682700,0.75
INV-H4-000257,0,,,3266665,0.75
INV-H4-000258,0,,,1118825,0.75
INV-H4-000259,0,,,4427913,0.75
INV-H4-000260,1,invalid_service_date,,1657025,0.9
INV-H4-000261,0,,,1789878,0.75
INV-H4-000262,0,,,2110186,0.75
INV-H4-000263,0,,,1153981,0.75
INV-H4-000264,1,duplicate_invoice_id,,2802450,0.9
INV-H4-000265,0,,,4404590,0.75
INV-H4-000266,0,,,613575,0.75
INV-H4-000267,0,,,2593453,0.75
INV-H4-000268,0,,,977995,0.75
INV-H4-000269,0,,,3368618,0.75
INV-H4-000270,0,,,2654548,0.75
INV-H4-000271,0,,,5044659,0.75
INV-H4-000272,0,,,1856562,0.75
INV-H4-000273,0,,,1988640,0.75
INV-H4-000274,0,,,1107275,0.75
INV-H4-000275,0,,,3175125,0.75
INV-H4-000276,0,,,4113650,0.75
INV-H4-000277,0,,,3302165,0.75
INV-H4-000278,0,,,3446950,0.75
INV-H4-000279,0,,,2072558,0.75
INV-H4-000280,0,,,2693475,0.75
INV-H4-000281,0,,,1513905,0.75
INV-H4-000282,0,,,1401500,0.75
INV-H4-000283,0,,,4108178,0.75
INV-H4-000284,0,,,531900,0.75
INV-H4-000285,0,,,1044325,0.75
INV-H4-000286,0,,,2054450,0.75
INV-H4-000287,0,,,3420900,0.75
INV-H4-000288,0,,,1085000,0.75
INV-H4-000289,0,,,4165533,0.75
INV-H4-000290,0,,,3406925,0.75
INV-H4-000291,0,,,2286450,0.75
INV-H4-000292,0,,,1980000,0.75
INV-H4-000293,0,,,3500841,0.75
INV-H4-000294,0,,,827525,0.75
INV-H4-000295,0,,,579025,0.75
INV-H4-000296,0,,,1443230,0.75
INV-H4-000297,0,,,3398204,0.75
INV-H4-000298,0,,,2093400,0.75
INV-H4-000299,0,,,421750,0.75
INV-H4-000300,0,,,4207405,0.75
INV-H4-000301,0,,,1677800,0.75
INV-H4-000302,0,,,1454463,0.75
INV-H4-000304,0,,,4995628,0.75
INV-H4-000305,0,,,2221575,0.75
INV-H4-000306,0,,,2618850,0.75
INV-H4-000307,0,,,4621560,0.75
INV-H4-000308,0,,,2714544,0.75
INV-H4-000309,1,duplicate_service_billing,,3550818,0.9
INV-H4-000310,0,,,1316020,0.75
INV-H4-000311,0,,,1972059,0.75
INV-H4-000312,0,,,699500,0.75
INV-H4-000313,0,,,800725,0.75
INV-H4-000314,0,,,697175,0.75
INV-H4-000315,0,,,1699100,0.75
INV-H4-000316,0,,,4094625,0.75
INV-H4-000317,0,,,2361575,0.75
INV-H4-000318,0,,,4698159,0.75
INV-H4-000319,0,,,1918250,0.75
INV-H4-000320,0,,,2024262,0.75
INV-H4-000321,0,,,2786067,0.75
INV-H4-000322,0,,,1402175,0.75
INV-H4-000323,1,invoice_total_mismatch,1905175,1906175,0.9
INV-H4-000324,0,,,737415,0.75
INV-H4-000325,0,,,1768325,0.75
INV-H4-000326,0,,,3798200,0.75
INV-H4-000327,0,,,1996725,0.75
INV-H4-000328,0,,,917100,0.75
INV-H4-000329,0,,,2992320,0.75
INV-H4-000330,0,,,1330250,0.75
INV-H4-000331,0,,,4216333,0.75
INV-H4-000332,0,,,4836400,0.75
INV-H4-000333,0,,,999950,0.75
INV-H4-000334,0,,,1071950,0.75
INV-H4-000335,0,,,2045545,0.75
INV-H4-000336,0,,,3783718,0.75
INV-H4-000337,0,,,2762165,0.75
INV-H4-000338,0,,,3339125,0.75
INV-H4-000339,0,,,2489370,0.75
INV-H4-000340,0,,,572600,0.75
INV-H4-000341,0,,,5736706,0.75
INV-H4-000342,0,,,1868200,0.75
INV-H4-000343,0,,,1048175,0.75
INV-H4-000344,0,,,2427031,0.75
INV-H4-000345,0,,,2320375,0.75
INV-H4-000346,0,,,4225450,0.75
INV-H4-000347,0,,,1895670,0.75
INV-H4-000348,0,,,2813528,0.75
INV-H4-000349,0,,,2307175,0.75
INV-H4-000350,0,,,3278425,0.75
INV-H4-000351,0,,,5091100,0.75
INV-H4-000352,0,,,1914963,0.75
INV-H4-000353,0,,,981842,0.75
INV-H4-000354,0,,,2357825,0.75
INV-H4-000355,0,,,2871831,0.75
INV-H4-000356,0,,,1230034,0.75
INV-H4-000357,0,,,3397840,0.75
INV-H4-000358,0,,,5154605,0.75
INV-H4-000359,0,,,1946150,0.75
INV-H4-000360,0,,,4291045,0.75
INV-H4-000361,0,,,4042944,0.75
INV-H4-000362,0,,,369425,0.75
INV-H4-000363,0,,,2873300,0.75
INV-H4-000364,0,,,2238755,0.75
INV-H4-000365,0,,,1747290,0.75
INV-H4-000366,0,,,1394828,0.75
INV-H4-000367,0,,,2149531,0.75
INV-H4-000368,0,,,3021850,0.75
INV-H4-000369,0,,,2572650,0.75
INV-H4-000370,0,,,1554128,0.75
INV-H4-000371,0,,,2884425,0.75
INV-H4-000372,0,,,474575,0.75
INV-H4-000373,0,,,3625717,0.75
INV-H4-000374,0,,,2910580,0.75
INV-H4-000375,0,,,1582750,0.75
INV-H4-000376,0,,,462950,0.75
INV-H4-000377,0,,,3124106,0.75
INV-H4-000378,0,,,3217278,0.75
INV-H4-000379,0,,,1395600,0.75
INV-H4-000380,0,,,2664950,0.75
INV-H4-000381,0,,,2177615,0.75
INV-H4-000382,0,,,781425,0.75
INV-H4-000383,0,,,6154400,0.75
INV-H4-000384,0,,,3817812,0.75
INV-H4-000385,0,,,3064130,0.75
INV-H4-000386,0,,,3023171,0.75
INV-H4-000387,0,,,2340374,0.75
INV-H4-000388,0,,,3044800,0.75
INV-H4-000389,0,,,935125,0.75
INV-H4-000390,0,,,621475,0.75
INV-H4-000391,1,invalid_service_date,,1528764,0.9
INV-H4-000392,0,,,1904013,0.75
INV-H4-000393,0,,,4520912,0.75
INV-H4-000394,0,,,3995850,0.75
INV-H4-000395,0,,,4153581,0.75
INV-H4-000396,0,,,4456925,0.75
INV-H4-000397,0,,,4650248,0.75
INV-H4-000398,0,,,2575550,0.75
INV-H4-000399,0,,,1243755,0.75
INV-H4-000400,0,,,1668400,0.75
INV-H4-000401,0,,,2864175,0.75
INV-H4-000402,0,,,3624065,0.75
INV-H4-000403,0,,,1411800,0.75
INV-H4-000404,0,,,1310900,0.75
INV-H4-000405,0,,,5486439,0.75
INV-H4-000406,0,,,2188067,0.75
INV-H4-000407,0,,,4216218,0.75
INV-H4-000408,0,,,2092935,0.75
INV-H4-000409,0,,,1705759,0.75
INV-H4-000410,0,,,2163081,0.75
INV-H4-000411,0,,,3196895,0.75
INV-H4-000412,0,,,3938725,0.75
INV-H4-000413,0,,,2280850,0.75
INV-H4-000414,0,,,2775659,0.75
INV-H4-000415,0,,,1690850,0.75
INV-H4-000416,0,,,5159604,0.75
INV-H4-000417,0,,,1244125,0.75
INV-H4-000419,0,,,1571162,0.75
INV-H4-000420,0,,,5508974,0.75
INV-H4-000421,0,,,4161435,0.75
INV-H4-000422,0,,,3513640,0.75
INV-H4-000423,0,,,749180,0.75
INV-H4-000424,0,,,4621760,0.75
INV-H4-000425,0,,,2500834,0.75
INV-H4-000426,0,,,4417800,0.75
INV-H4-000427,0,,,1194800,0.75
INV-H4-000428,0,,,1387328,0.75
INV-H4-000429,0,,,4444055,0.75
INV-H4-000430,0,,,1742210,0.75
INV-H4-000431,1,duplicate_invoice_id,,824750,0.9
INV-H4-000432,0,,,1615914,0.75
INV-H4-000433,0,,,5004761,0.75
INV-H4-000434,0,,,1919075,0.75
INV-H4-000435,0,,,2717875,0.75
INV-H4-000436,0,,,2114075,0.75
INV-H4-000437,0,,,2159768,0.75
INV-H4-000438,0,,,5005975,0.75
INV-H4-000439,0,,,2091075,0.75
INV-H4-000440,0,,,1999100,0.75
INV-H4-000441,0,,,2691882,0.75
INV-H4-000442,0,,,2556305,0.75
INV-H4-000443,0,,,1949435,0.75
INV-H4-000444,0,,,1312964,0.75
INV-H4-000445,1,invalid_service_date,,3669725,0.9
INV-H4-000446,0,,,1815828,0.75
INV-H4-000447,0,,,2036000,0.75
INV-H4-000448,0,,,3450611,0.75
INV-H4-000449,0,,,2992325,0.75
INV-H4-000450,0,,,4647850,0.75
INV-H4-000451,0,,,1500000,0.75
INV-H4-000452,0,,,4114000,0.75
INV-H4-000453,0,,,956575,0.75
INV-H4-000454,0,,,2528295,0.75
INV-H4-000455,0,,,4005775,0.75
INV-H4-000456,0,,,1901874,0.75
INV-H4-000457,0,,,4982560,0.75
INV-H4-000458,1,duplicate_service_billing,,1395600,0.9
INV-H4-000459,0,,,2130148,0.75
INV-H4-000460,0,,,1423623,0.75
INV-H4-000461,0,,,2918700,0.75
INV-H4-000462,0,,,3127525,0.75
INV-H4-000463,0,,,3150348,0.75
INV-H4-000464,0,,,1815325,0.75
INV-H4-000465,0,,,813125,0.75
INV-H4-000466,0,,,2165475,0.75
INV-H4-000467,0,,,1033045,0.75
INV-H4-000468,0,,,1610125,0.75
INV-H4-000469,0,,,4726099,0.75
INV-H4-000470,0,,,1962575,0.75
INV-H4-000471,0,,,3388150,0.75
INV-H4-000472,0,,,319075,0.75
INV-H4-000473,1,duplicate_service_billing,,2150500,0.9
INV-H4-000474,0,,,2328512,0.75
INV-H4-000475,0,,,2846850,0.75
INV-H4-000476,0,,,3369415,0.75
INV-H4-000477,0,,,3786510,0.75
INV-H4-000478,0,,,745480,0.75
INV-H4-000479,0,,,2276637,0.75
INV-H4-000480,0,,,3637753,0.75
INV-H4-000481,0,,,4942445,0.75
INV-H4-000482,0,,,1482230,0.75
INV-H4-000483,1,invoice_total_mismatch,1602575,1702575,0.9
INV-H4-000484,0,,,1817505,0.75
INV-H4-000485,0,,,3201339,0.75
INV-H4-000486,0,,,1222350,0.75
INV-H4-000487,0,,,2159000,0.75
INV-H4-000488,0,,,2643175,0.75
INV-H4-000489,0,,,2629490,0.75
INV-H4-000490,0,,,3143875,0.75
INV-H4-000491,0,,,2202350,0.75
INV-H4-000492,0,,,1855775,0.75
INV-H4-000493,0,,,518750,0.75
INV-H4-000494,0,,,3132199,0.75
INV-H4-000495,0,,,3619538,0.75
INV-H4-000496,0,,,3774484,0.75
INV-H4-000497,0,,,1524750,0.75
INV-H4-000498,0,,,961550,0.75
INV-H4-000499,0,,,3995805,0.75
INV-H4-000500,0,,,1513950,0.75
INV-H4-000501,0,,,4523518,0.75
INV-H4-000502,0,,,1999135,0.75
INV-H4-000503,0,,,1712225,0.75
INV-H4-000504,1,contract_number_mismatch,970875,995875,0.9
INV-H4-000505,0,,,869100,0.75
INV-H4-000506,0,,,2175025,0.75
INV-H4-000507,0,,,2749023,0.75
INV-H4-000508,0,,,3608187,0.75
INV-H4-000509,0,,,4767372,0.75
INV-H4-000510,0,,,2136925,0.75
INV-H4-000511,0,,,4246950,0.75
INV-H4-000512,0,,,4873980,0.75
INV-H4-000513,0,,,1561425,0.75
INV-H4-000514,0,,,4107575,0.75
INV-H4-000515,0,,,2782225,0.75
INV-H4-000516,0,,,3061500,0.75
INV-H4-000518,0,,,4478075,0.75
INV-H4-000519,0,,,1958225,0.75
INV-H4-000520,0,,,2382850,0.75
INV-H4-000521,0,,,3804725,0.75
INV-H4-000522,0,,,4733237,0.75
INV-H4-000523,0,,,4206639,0.75
INV-H4-000524,0,,,3601709,0.75
INV-H4-000525,0,,,1219975,0.75
INV-H4-000526,0,,,3121875,0.75
INV-H4-000527,0,,,1093975,0.75
INV-H4-000528,1,invalid_service_date,,4855400,0.9
INV-H4-000529,0,,,3951350,0.75
INV-H4-000530,0,,,1279875,0.75
INV-H4-000531,0,,,3067035,0.75
INV-H4-000532,0,,,4765600,0.75
INV-H4-000533,0,,,2634137,0.75
INV-H4-000534,0,,,3648900,0.75
INV-H4-000535,0,,,1740400,0.75
INV-H4-000536,0,,,4072209,0.75
INV-H4-000537,0,,,3505975,0.75
INV-H4-000538,0,,,4808825,0.75
INV-H4-000539,0,,,2899642,0.75
INV-H4-000540,1,contract_number_mismatch,,2195250,0.9
INV-H4-000541,0,,,508925,0.75
INV-H4-000542,0,,,3515306,0.75
INV-H4-000543,0,,,2661825,0.75
INV-H4-000544,0,,,850425,0.75
INV-H4-000545,0,,,2188725,0.75
INV-H4-000546,0,,,5170740,0.75
INV-H4-000547,0,,,2848500,0.75
INV-H4-000548,0,,,2150750,0.75
INV-H4-000549,0,,,1314045,0.75
INV-H4-000550,0,,,2718675,0.75
INV-H4-000551,0,,,4726470,0.75
INV-H4-000552,0,,,2613670,0.75
INV-H4-000553,0,,,1389823,0.75
INV-H4-000554,1,invoice_total_mismatch,3583010,3608010,0.9
INV-H4-000555,0,,,3037600,0.75
INV-H4-000556,0,,,2462025,0.75
INV-H4-000557,0,,,885100,0.75
INV-H4-000558,0,,,780300,0.75
INV-H4-000559,0,,,2734650,0.75
INV-H4-000560,0,,,1908715,0.75
INV-H4-000561,0,,,2180950,0.75
INV-H4-000562,0,,,3083459,0.75
INV-H4-000563,0,,,2708470,0.75
INV-H4-000564,0,,,7493231,0.75
INV-H4-000565,0,,,2389019,0.75
INV-H4-000566,0,,,1810875,0.75
INV-H4-000567,0,,,4243042,0.75
INV-H4-000568,0,,,3273649,0.75
INV-H4-000569,0,,,1209815,0.75
INV-H4-000570,0,,,2001370,0.75
INV-H4-000571,0,,,3271200,0.75
INV-H4-000572,0,,,3946500,0.75
INV-H4-000573,0,,,2637500,0.75
INV-H4-000574,0,,,2526375,0.75
INV-H4-000575,0,,,3853715,0.75
INV-H4-000576,1,invalid_service_date,,5976355,0.9
INV-H4-000577,0,,,4553440,0.75
INV-H4-000578,0,,,2235025,0.75
INV-H4-000579,0,,,2424905,0.75
INV-H4-000580,0,,,1117339,0.75
INV-H4-000581,0,,,2302975,0.75
INV-H4-000582,0,,,4708705,0.75
INV-H4-000583,0,,,947375,0.75
INV-H4-000584,0,,,1647943,0.75
INV-H4-000585,0,,,1713400,0.75
INV-H4-000586,0,,,444550,0.75
INV-H4-000587,0,,,2443681,0.75
INV-H4-000588,0,,,1840275,0.75
INV-H4-000589,0,,,3425185,0.75
INV-H4-000590,0,,,3595040,0.75
INV-H4-000591,0,,,1112500,0.75
INV-H4-000592,0,,,4009573,0.75
INV-H4-000593,0,,,3851318,0.75
INV-H4-000594,0,,,1837253,0.75
INV-H4-000595,0,,,2082855,0.75
INV-H4-000596,0,,,2855821,0.75
INV-H4-000597,0,,,2486830,0.75
INV-H4-000598,0,,,4099350,0.75
INV-H4-000599,0,,,2096500,0.75
INV-H4-000600,0,,,3565575,0.75
INV-H4-000601,0,,,3781810,0.75
INV-H4-000602,0,,,2142825,0.75
INV-H4-000603,0,,,3770800,0.75
INV-H4-000604,0,,,1621650,0.75
INV-H4-000605,0,,,3585475,0.75
INV-H4-000606,0,,,1507055,0.75
INV-H4-000607,1,duplicate_invoice_id,,2023725,0.9
INV-H4-000608,0,,,1664239,0.75
INV-H4-000609,0,,,5398250,0.75
INV-H4-000610,1,line_total_arithmetic,,4561975,0.9
INV-H4-000611,0,,,3332930,0.75
INV-H4-000612,0,,,2471840,0.75
INV-H4-000613,0,,,2217730,0.75
INV-H4-000614,0,,,4461675,0.75
INV-H4-000615,0,,,4244409,0.75
INV-H4-000616,0,,,3279536,0.75
INV-H4-000617,0,,,2334775,0.75
INV-H4-000618,0,,,3254675,0.75
INV-H4-000619,0,,,3328475,0.75
INV-H4-000620,0,,,1083025,0.75
INV-H4-000621,0,,,1560911,0.75
INV-H4-000622,0,,,1257650,0.75
INV-H4-000623,0,,,884450,0.75
INV-H4-000624,0,,,2910328,0.75
INV-H4-000625,0,,,1569900,0.75
INV-H4-000626,0,,,3093825,0.75
INV-H4-000627,0,,,969075,0.75
INV-H4-000628,0,,,3304380,0.75
INV-H4-000629,0,,,2322425,0.75
INV-H4-000630,0,,,3730150,0.75
INV-H4-000631,0,,,562550,0.75
INV-H4-000632,0,,,1680900,0.75
INV-H4-000633,0,,,1744140,0.75
INV-H4-000634,0,,,1176432,0.75
INV-H4-000635,0,,,2084625,0.75
INV-H4-000636,0,,,4257325,0.75
INV-H4-000637,0,,,1806775,0.75
INV-H4-000638,0,,,2369312,0.75
INV-H4-000639,0,,,1240762,0.75
INV-H4-000640,0,,,2887285,0.75
INV-H4-000641,0,,,2581878,0.75
INV-H4-000642,0,,,1023125,0.75
INV-H4-000643,0,,,3115925,0.75
INV-H4-000644,0,,,4183193,0.75
INV-H4-000645,0,,,2403195,0.75
INV-H4-000646,0,,,3805850,0.75
INV-H4-000647,0,,,2026415,0.75
INV-H4-000648,0,,,1874237,0.75
INV-H4-000649,0,,,2106550,0.75
INV-H4-000650,0,,,2116750,0.75
INV-H4-000651,0,,,977050,0.75
INV-H4-000652,0,,,1492585,0.75
INV-H4-000653,0,,,2666650,0.75
INV-H4-000654,0,,,3748150,0.75
INV-H4-000655,0,,,4162200,0.75
INV-H4-000656,0,,,1691450,0.75
INV-H4-000657,0,,,4346156,0.75
INV-H4-000658,0,,,3976687,0.75
INV-H4-000659,0,,,2713235,0.75
INV-H4-000660,0,,,2015770,0.75
INV-H4-000661,0,,,3400815,0.75
INV-H4-000662,0,,,1487887,0.75
INV-H4-000663,0,,,1160487,0.75
INV-H4-000664,0,,,4715005,0.75
INV-H4-000665,0,,,3833775,0.75
INV-H4-000666,0,,,2705900,0.75
INV-H4-000667,0,,,1037685,0.75
INV-H4-000668,0,,,3767380,0.75
INV-H4-000669,0,,,2036050,0.75
INV-H4-000670,0,,,2221300,0.75
INV-H4-000671,0,,,2843843,0.75
INV-H4-000672,0,,,1800325,0.75
INV-H4-000673,0,,,3223381,0.75
INV-H4-000674,0,,,2906505,0.75
INV-H4-000675,0,,,1600225,0.75
INV-H4-000676,0,,,2990973,0.75
INV-H4-000677,0,,,2040712,0.75
INV-H4-000678,1,invalid_service_date,,3039017,0.9
INV-H4-000679,0,,,3569404,0.75
INV-H4-000680,0,,,3846725,0.75
INV-H4-000681,0,,,2447300,0.75
INV-H4-000682,0,,,2394425,0.75
INV-H4-000683,0,,,3566465,0.75
INV-H4-000684,0,,,2758763,0.75
INV-H4-000685,0,,,888575,0.75
INV-H4-000686,0,,,993150,0.75
INV-H4-000687,0,,,2130175,0.75
INV-H4-000688,0,,,2147980,0.75
INV-H4-000689,0,,,311150,0.75
INV-H4-000690,0,,,2240395,0.75
INV-H4-000691,1,invalid_service_date,,4074340,0.9
INV-H4-000692,0,,,852437,0.75
INV-H4-000693,1,invalid_service_date,,1856825,0.9
INV-H4-000694,0,,,2726750,0.75
INV-H4-000695,0,,,2497850,0.75
INV-H4-000696,0,,,3217300,0.75
INV-H4-000697,0,,,654798,0.75
INV-H4-000698,0,,,2551180,0.75
INV-H4-000699,0,,,2322125,0.75
INV-H4-000700,1,invalid_service_date,,1300625,0.9
INV-H4-000701,0,,,3883275,0.75
INV-H4-000702,0,,,3624763,0.75
INV-H4-000703,0,,,1270725,0.75
INV-H4-000704,0,,,2061525,0.75
INV-H4-000705,0,,,3597659,0.75
INV-H4-000706,0,,,3315425,0.75
INV-H4-000707,0,,,3779025,0.75
INV-H4-000708,0,,,1879075,0.75
INV-H4-000709,0,,,4613225,0.75
INV-H4-000710,0,,,508550,0.75
INV-H4-000711,0,,,4676031,0.75
INV-H4-000712,0,,,2480463,0.75
INV-H4-000713,0,,,2609056,0.75
INV-H4-000714,0,,,1716180,0.75
INV-H4-000715,0,,,3523710,0.75
INV-H4-000716,0,,,2696280,0.75
INV-H4-000717,0,,,475025,0.75
INV-H4-000718,0,,,1570300,0.75
INV-H4-000719,1,line_total_arithmetic,,2370128,0.9
INV-H4-000720,0,,,576907,0.75
INV-H4-000721,0,,,3096676,0.75
INV-H4-000722,0,,,4852900,0.75
INV-H4-000723,0,,,3752837,0.75
INV-H4-000724,1,invalid_service_date,,3060765,0.9
INV-H4-000725,0,,,2760625,0.75
INV-H4-000726,0,,,2226275,0.75
INV-H4-000727,0,,,3550960,0.75
INV-H4-000728,0,,,988325,0.75
INV-H4-000729,0,,,3571570,0.75
INV-H4-000730,0,,,3828225,0.75
INV-H4-000731,0,,,1739600,0.75
INV-H4-000732,0,,,2127850,0.75
INV-H4-000733,0,,,1170500,0.75
INV-H4-000734,0,,,1957634,0.75
INV-H4-000735,0,,,402050,0.75
INV-H4-000736,0,,,1610150,0.75
INV-H4-000737,0,,,2255325,0.75
INV-H4-000738,0,,,1984399,0.75
INV-H4-000739,0,,,5045945,0.75
INV-H4-000740,0,,,3097325,0.75
INV-H4-000741,0,,,3319825,0.75
INV-H4-000742,0,,,2724195,0.75
INV-H4-000743,0,,,3407070,0.75
INV-H4-000744,0,,,2601325,0.75
INV-H4-000745,0,,,1792890,0.75
INV-H4-000746,0,,,3566609,0.75
INV-H4-000747,0,,,805650,0.75
INV-H4-000748,0,,,1131650,0.75
INV-H4-000749,0,,,3224700,0.75
INV-H4-000750,0,,,1496250,0.75
INV-H4-000751,0,,,2840731,0.75
INV-H4-000752,0,,,990930,0.75
INV-H4-000753,0,,,3517100,0.75
INV-H4-000754,0,,,2006700,0.75
INV-H4-000755,0,,,2406204,0.75
INV-H4-000756,0,,,3326915,0.75
INV-H4-000757,0,,,1616780,0.75
INV-H4-000758,0,,,3047730,0.75
INV-H4-000759,0,,,2824475,0.75
INV-H4-000760,0,,,2061425,0.75
INV-H4-000761,0,,,3057850,0.75
INV-H4-000762,0,,,1098550,0.75
INV-H4-000763,0,,,3228059,0.75
INV-H4-000764,0,,,4144255,0.75
INV-H4-000765,0,,,2605360,0.75
INV-H4-000766,0,,,2817475,0.75
INV-H4-000767,0,,,2274835,0.75
INV-H4-000768,0,,,1314300,0.75
INV-H4-000769,0,,,1986350,0.75
INV-H4-000770,0,,,2739165,0.75
INV-H4-000771,0,,,1482775,0.75
INV-H4-000772,0,,,4537660,0.75
INV-H4-000773,0,,,2910695,0.75
INV-H4-000774,0,,,1531025,0.75
INV-H4-000775,0,,,974850,0.75
INV-H4-000776,0,,,3020525,0.75
INV-H4-000777,0,,,5973150,0.75
INV-H4-000778,0,,,1645675,0.75
INV-H4-000779,0,,,2932852,0.75
INV-H4-000780,0,,,2060075,0.75
INV-H4-000781,0,,,5140475,0.75
INV-H4-000782,0,,,3270350,0.75
INV-H4-000783,0,,,1637150,0.75
INV-H4-000784,0,,,5672100,0.75
INV-H4-000785,0,,,1734650,0.75
INV-H4-000786,0,,,3089870,0.75
INV-H4-000788,0,,,1575550,0.75
INV-H4-000789,0,,,4974786,0.75
INV-H4-000790,0,,,1579048,0.75
INV-H4-000791,0,,,4221708,0.75
INV-H4-000792,0,,,2301500,0.75
INV-H4-000793,0,,,2204775,0.75
INV-H4-000794,0,,,785665,0.75
INV-H4-000795,0,,,5008875,0.75
INV-H4-000796,0,,,2077075,0.75
INV-H4-000797,0,,,2429475,0.75
INV-H4-000798,0,,,3689755,0.75
INV-H4-000799,0,,,2573075,0.75
INV-H4-000800,0,,,1103000,0.75
INV-H4-000801,0,,,933981,0.75
INV-H4-000802,0,,,3248500,0.75
INV-H4-000803,0,,,1133514,0.75
INV-H4-000804,0,,,3283325,0.75
INV-H4-000805,0,,,3568400,0.75
INV-H4-000806,0,,,1996500,0.75
INV-H4-000807,0,,,3458819,0.75
INV-H4-000808,0,,,4322513,0.75
INV-H4-000809,0,,,1522809,0.75
INV-H4-000810,0,,,2774093,0.75
INV-H4-000811,0,,,367825,0.75
INV-H4-000812,0,,,5447044,0.75
INV-H4-000813,0,,,3503740,0.75
INV-H4-000814,0,,,3118300,0.75
INV-H4-000815,0,,,3135844,0.75
INV-H4-000816,0,,,3280925,0.75
INV-H4-000817,0,,,2182000,0.75
INV-H4-000818,0,,,3531472,0.75
INV-H4-000819,0,,,3072630,0.75
INV-H4-000820,0,,,2766785,0.75
INV-H4-000821,0,,,1685850,0.75
INV-H4-000822,0,,,2784216,0.75
INV-H4-000823,0,,,2781425,0.75
INV-H4-000824,0,,,4084125,0.75
INV-H4-000825,0,,,1076650,0.75
INV-H4-000826,0,,,1664025,0.75
INV-H4-000827,0,,,5327380,0.75
INV-H4-000828,0,,,3552875,0.75
INV-H4-000829,0,,,1610375,0.75
INV-H4-000830,0,,,2539580,0.75
INV-H4-000831,0,,,2170420,0.75
INV-H4-000832,0,,,2143525,0.75
INV-H4-000833,0,,,2619940,0.75
INV-H4-000834,0,,,2226125,0.75
INV-H4-000835,0,,,3111550,0.75
INV-H4-000836,0,,,4279600,0.75
INV-H4-000837,0,,,1498275,0.75
INV-H4-000838,0,,,1373870,0.75
INV-H4-000840,0,,,3187825,0.75
INV-H5-000001,1,duplicate_invoice_id,,741664,0.9
INV-H5-000002,0,,,4279378,0.75
INV-H5-000003,0,,,3060861,0.75
INV-H5-000004,0,,,2394252,0.75
INV-H5-000005,0,,,1284813,0.75
INV-H5-000006,0,,,3572873,0.75
INV-H5-000007,0,,,5985654,0.75
INV-H5-000008,0,,,2927504,0.75
INV-H5-000009,0,,,4782919,0.75
INV-H5-000010,0,,,2530893,0.75
INV-H5-000011,0,,,2091174,0.75
INV-H5-000012,0,,,2610439,0.75
INV-H5-000013,0,,,2370617,0.75
INV-H5-000014,0,,,1013030,0.75
INV-H5-000015,0,,,3733765,0.75
INV-H5-000016,0,,,3197587,0.75
INV-H5-000017,0,,,1203384,0.75
INV-H5-000018,0,,,2415728,0.75
INV-H5-000019,0,,,5587482,0.75
INV-H5-000020,0,,,2968274,0.75
INV-H5-000021,0,,,3209579,0.75
INV-H5-000022,0,,,1706589,0.75
INV-H5-000023,0,,,1458945,0.75
INV-H5-000024,0,,,4015825,0.75
INV-H5-000025,0,,,501836,0.75
INV-H5-000026,0,,,3566663,0.75
INV-H5-000027,0,,,1617459,0.75
INV-H5-000028,0,,,2631208,0.75
INV-H5-000029,0,,,3084149,0.75
INV-H5-000030,0,,,1574328,0.75
INV-H5-000031,0,,,2851887,0.75
INV-H5-000032,0,,,3398235,0.75
INV-H5-000033,0,,,1848070,0.75
INV-H5-000034,1,invalid_service_date,,1586458,0.9
INV-H5-000035,0,,,2989060,0.75
INV-H5-000036,0,,,1441175,0.75
INV-H5-000037,0,,,2358514,0.75
INV-H5-000038,0,,,4032028,0.75
INV-H5-000039,0,,,420880,0.75
INV-H5-000040,0,,,4637007,0.75
INV-H5-000041,0,,,2994005,0.75
INV-H5-000042,0,,,1736302,0.75
INV-H5-000043,0,,,884375,0.75
INV-H5-000044,0,,,3888004,0.75
INV-H5-000045,0,,,3095919,0.75
INV-H5-000046,0,,,2819235,0.75
INV-H5-000047,0,,,6286080,0.75
INV-H5-000048,0,,,1377165,0.75
INV-H5-000049,0,,,2676455,0.75
INV-H5-000050,0,,,5649146,0.75
INV-H5-000051,0,,,1013625,0.75
INV-H5-000052,0,,,3031372,0.75
INV-H5-000053,0,,,3546215,0.75
INV-H5-000054,0,,,1736920,0.75
INV-H5-000055,0,,,3080927,0.75
INV-H5-000056,0,,,1386580,0.75
INV-H5-000057,0,,,1142125,0.75
INV-H5-000058,0,,,1704563,0.75
INV-H5-000059,0,,,1341728,0.75
INV-H5-000060,0,,,1840486,0.75
INV-H5-000061,0,,,1191268,0.75
INV-H5-000062,0,,,4173307,0.75
INV-H5-000063,0,,,7208783,0.75
INV-H5-000064,0,,,2780762,0.75
INV-H5-000065,0,,,2588563,0.75
INV-H5-000066,0,,,3033515,0.75
INV-H5-000067,0,,,1833897,0.75
INV-H5-000068,0,,,3548528,0.75
INV-H5-000069,0,,,2943997,0.75
INV-H5-000070,0,,,3165698,0.75
INV-H5-000071,0,,,1567731,0.75
INV-H5-000072,0,,,993866,0.75
INV-H5-000073,1,invoice_total_mismatch,1693945,1718945,0.9
INV-H5-000074,1,duplicate_invoice_id,,4199619,0.9
INV-H5-000075,0,,,3593629,0.75
INV-H5-000076,1,duplicate_invoice_id,,2451775,0.9
INV-H5-000077,1,invalid_service_date,,1575041,0.9
INV-H5-000078,0,,,2806193,0.75
INV-H5-000079,0,,,5567277,0.75
INV-H5-000080,0,,,2025048,0.75
INV-H5-000081,0,,,1084993,0.75
INV-H5-000082,0,,,1637440,0.75
INV-H5-000083,0,,,1869011,0.75
INV-H5-000084,0,,,2763677,0.75
INV-H5-000085,0,,,4885357,0.75
INV-H5-000086,0,,,6564875,0.75
INV-H5-000087,0,,,415087,0.75
INV-H5-000088,0,,,1559454,0.75
INV-H5-000089,0,,,5946686,0.75
INV-H5-000090,0,,,1712643,0.75
INV-H5-000091,1,invoice_total_mismatch,2541213,2533713,0.9
INV-H5-000092,0,,,891912,0.75
INV-H5-000093,0,,,5022395,0.75
INV-H5-000094,0,,,2728254,0.75
INV-H5-000095,0,,,1254832,0.75
INV-H5-000096,0,,,1671486,0.75
INV-H5-000097,0,,,1973736,0.75
INV-H5-000098,0,,,4627024,0.75
INV-H5-000099,0,,,2440671,0.75
INV-H5-000100,0,,,3030550,0.75
INV-H5-000101,0,,,2682767,0.75
INV-H5-000102,0,,,3415440,0.75
INV-H5-000103,0,,,2369452,0.75
INV-H5-000105,0,,,2749081,0.75
INV-H5-000106,0,,,3869792,0.75
INV-H5-000107,0,,,6115057,0.75
INV-H5-000108,0,,,3979059,0.75
INV-H5-000109,0,,,5397917,0.75
INV-H5-000110,1,volume_discount_omitted,2642946,2692178,0.95
INV-H5-000111,0,,,1925725,0.75
INV-H5-000112,0,,,1604708,0.75
INV-H5-000113,0,,,1374270,0.75
INV-H5-000114,0,,,1425235,0.75
INV-H5-000115,0,,,1825298,0.75
INV-H5-000116,0,,,5060906,0.75
INV-H5-000117,1,invalid_service_date,,3951859,0.9
INV-H5-000118,0,,,2388510,0.75
INV-H5-000119,0,,,1348026,0.75
INV-H5-000120,0,,,4887416,0.75
INV-H5-000121,0,,,1266541,0.75
INV-H5-000122,0,,,959841,0.75
INV-H5-000123,0,,,4309429,0.75
INV-H5-000124,0,,,5538192,0.75
INV-H5-000125,0,,,2107475,0.75
INV-H5-000126,0,,,2992540,0.75
INV-H5-000127,1,volume_discount_omitted,5578617,5601683,0.95
INV-H5-000128,0,,,1094027,0.75
INV-H5-000129,0,,,2897009,0.75
INV-H5-000130,0,,,3938158,0.75
INV-H5-000131,0,,,2360933,0.75
INV-H5-000132,0,,,2477518,0.75
INV-H5-000133,0,,,3166443,0.75
INV-H5-000134,0,,,965478,0.75
INV-H5-000135,0,,,2186524,0.75
INV-H5-000136,0,,,1745497,0.75
INV-H5-000137,0,,,4432064,0.75
INV-H5-000138,0,,,1443715,0.75
INV-H5-000139,0,,,2495956,0.75
INV-H5-000140,0,,,3331663,0.75
INV-H5-000141,0,,,2430635,0.75
INV-H5-000142,0,,,1393263,0.75
INV-H5-000143,0,,,5853254,0.75
INV-H5-000144,0,,,1840587,0.75
INV-H5-000145,0,,,2342674,0.75
INV-H5-000146,0,,,2603965,0.75
INV-H5-000147,1,contract_number_mismatch,,1032581,0.9
INV-H5-000148,0,,,3708048,0.75
INV-H5-000149,0,,,1192595,0.75
INV-H5-000150,0,,,5213628,0.75
INV-H5-000151,0,,,1819366,0.75
INV-H5-000152,0,,,979169,0.75
INV-H5-000153,0,,,1299283,0.75
INV-H5-000154,0,,,1217400,0.75
INV-H5-000155,0,,,2042963,0.75
INV-H5-000156,0,,,5230865,0.75
INV-H5-000157,0,,,989403,0.75
INV-H5-000158,1,volume_discount_omitted,5027608,5073740,0.95
INV-H5-000159,0,,,5851546,0.75
INV-H5-000160,1,invoice_total_mismatch,2411731,2410731,0.9
INV-H5-000161,0,,,2781086,0.75
INV-H5-000162,0,,,3502745,0.75
INV-H5-000163,0,,,2638415,0.75
INV-H5-000164,0,,,5782441,0.75
INV-H5-000165,0,,,5201663,0.75
INV-H5-000166,0,,,2295203,0.75
INV-H5-000167,0,,,1958396,0.75
INV-H5-000168,0,,,492371,0.75
INV-H5-000169,0,,,1528372,0.75
INV-H5-000170,1,duplicate_invoice_id,,3389664,0.9
INV-H5-000171,1,invoice_total_mismatch,2914365,2939365,0.9
INV-H5-000172,0,,,2060957,0.75
INV-H5-000173,0,,,4368712,0.75
INV-H5-000174,0,,,4402790,0.75
INV-H5-000175,0,,,6441555,0.75
INV-H5-000176,0,,,754959,0.75
INV-H5-000177,0,,,2431314,0.75
INV-H5-000178,0,,,1341779,0.75
INV-H5-000179,0,,,2959931,0.75
INV-H5-000180,0,,,5114274,0.75
INV-H5-000181,0,,,1943470,0.75
INV-H5-000182,0,,,2723846,0.75
INV-H5-000183,0,,,611744,0.75
INV-H5-000184,0,,,5973165,0.75
INV-H5-000185,0,,,2144815,0.75
INV-H5-000186,0,,,4871808,0.75
INV-H5-000187,0,,,1696206,0.75
INV-H5-000188,0,,,2467403,0.75
INV-H5-000189,0,,,5210763,0.75
INV-H5-000190,1,invalid_service_date,3619469,3594469,0.9
INV-H5-000191,0,,,2828264,0.75
INV-H5-000192,0,,,2729723,0.75
INV-H5-000193,0,,,1192291,0.75
INV-H5-000194,0,,,1741926,0.75
INV-H5-000195,0,,,3622857,0.75
INV-H5-000196,0,,,4867719,0.75
INV-H5-000197,0,,,3362731,0.75
INV-H5-000198,0,,,3668272,0.75
INV-H5-000199,0,,,1913793,0.75
INV-H5-000200,0,,,3818816,0.75
INV-H5-000201,0,,,1948379,0.75
INV-H5-000202,0,,,1559673,0.75
INV-H5-000203,1,volume_discount_omitted,3624458,3676902,0.95
INV-H5-000204,0,,,2237067,0.75
INV-H5-000205,0,,,4549107,0.75
INV-H5-000206,0,,,2432220,0.75
INV-H5-000207,0,,,1690030,0.75
INV-H5-000208,0,,,1467080,0.75
INV-H5-000209,1,contract_number_mismatch,,2696117,0.9
INV-H5-000210,0,,,2003693,0.75
INV-H5-000211,0,,,476248,0.75
INV-H5-000212,0,,,1700233,0.75
INV-H5-000213,0,,,2219209,0.75
INV-H5-000214,0,,,3483665,0.75
INV-H5-000215,1,contract_number_mismatch,,3612056,0.9
INV-H5-000216,0,,,4189160,0.75
INV-H5-000217,0,,,2739145,0.75
INV-H5-000218,0,,,2324118,0.75
INV-H5-000219,0,,,2291335,0.75
INV-H5-000220,1,duplicate_service_billing,,1458910,0.9
INV-H5-000221,0,,,1252228,0.75
INV-H5-000222,0,,,2145806,0.75
INV-H5-000223,0,,,3641448,0.75
INV-H5-000224,1,invalid_service_date,,4711155,0.9
INV-H5-000225,0,,,2353133,0.75
INV-H5-000226,0,,,4310326,0.75
INV-H5-000227,0,,,2996772,0.75
INV-H5-000228,0,,,1674950,0.75
INV-H5-000229,1,duplicate_service_billing,,2525002,0.9
INV-H5-000230,0,,,2166107,0.75
INV-H5-000231,0,,,2501336,0.75
INV-H5-000233,0,,,2668108,0.75
INV-H5-000234,0,,,2702803,0.75
INV-H5-000235,0,,,2739452,0.75
INV-H5-000236,0,,,6611716,0.75
INV-H5-000237,0,,,4095315,0.75
INV-H5-000238,0,,,3804326,0.75
INV-H5-000239,0,,,1978606,0.75
INV-H5-000240,0,,,2668238,0.75
INV-H5-000241,0,,,791180,0.75
INV-H5-000242,0,,,2273469,0.75
INV-H5-000243,0,,,1460165,0.75
INV-H5-000244,0,,,2297415,0.75
INV-H5-000245,0,,,1891041,0.75
INV-H5-000246,0,,,3442900,0.75
INV-H5-000247,0,,,3428439,0.75
INV-H5-000248,0,,,5428929,0.75
INV-H5-000249,0,,,5021850,0.75
INV-H5-000250,0,,,1189113,0.75
INV-H5-000251,0,,,2064773,0.75
INV-H5-000252,0,,,3096373,0.75
INV-H5-000253,0,,,1356969,0.75
INV-H5-000254,0,,,5769185,0.75
INV-H5-000255,0,,,3813029,0.75
INV-H5-000256,0,,,2929364,0.75
INV-H5-000257,0,,,1942973,0.75
INV-H5-000258,0,,,2362807,0.75
INV-H5-000259,0,,,1748709,0.75
INV-H5-000260,1,duplicate_invoice_id,,1013445,0.9
INV-H5-000261,0,,,3350268,0.75
INV-H5-000262,0,,,1744920,0.75
INV-H5-000264,0,,,3724362,0.75
INV-H5-000265,0,,,5411328,0.75
INV-H5-000266,0,,,1350486,0.75
INV-H5-000267,0,,,1369334,0.75
INV-H5-000268,0,,,2965443,0.75
INV-H5-000269,0,,,1695975,0.75
INV-H5-000270,0,,,3541967,0.75
INV-H5-000271,0,,,3460030,0.75
INV-H5-000272,0,,,3664101,0.75
INV-H5-000273,0,,,1406332,0.75
INV-H5-000274,0,,,2399839,0.75
INV-H5-000275,0,,,1848095,0.75
INV-H5-000276,0,,,3189413,0.75
INV-H5-000277,0,,,1806405,0.75
INV-H5-000278,0,,,2230836,0.75
INV-H5-000279,0,,,2927000,0.75
INV-H5-000280,0,,,1908057,0.75
INV-H5-000281,0,,,2211040,0.75
INV-H5-000282,0,,,1528923,0.75
INV-H5-000283,0,,,2961850,0.75
INV-H5-000284,0,,,3061986,0.75
INV-H5-000285,1,line_total_arithmetic,,2974929,0.9
INV-H5-000286,0,,,4767432,0.75
INV-H5-000287,0,,,3476965,0.75
INV-H5-000288,0,,,1491262,0.75
INV-H5-000289,1,invoice_total_mismatch,2941899,3041899,0.9
INV-H5-000290,0,,,2034423,0.75
INV-H5-000291,0,,,2059007,0.75
INV-H5-000292,0,,,764510,0.75
INV-H5-000293,0,,,4026843,0.75
INV-H5-000294,0,,,928839,0.75
INV-H5-000295,0,,,3107443,0.75
INV-H5-000296,0,,,4052077,0.75
INV-H5-000297,0,,,4565827,0.75
INV-H5-000298,1,contract_number_mismatch,,956734,0.9
INV-H5-000299,0,,,3298925,0.75
INV-H5-000300,0,,,2088249,0.75
INV-H5-000301,0,,,3475129,0.75
INV-H5-000302,0,,,704292,0.75
INV-H5-000303,0,,,2917273,0.75
INV-H5-000304,0,,,3621408,0.75
INV-H5-000305,0,,,1581412,0.75
INV-H5-000306,0,,,1577419,0.75
INV-H5-000307,0,,,5262100,0.75
INV-H5-000308,0,,,907155,0.75
INV-H5-000309,0,,,1074118,0.75
INV-H5-000310,0,,,700952,0.75
INV-H5-000311,1,duplicate_invoice_id,,3624200,0.9
INV-H5-000312,0,,,4120545,0.75
INV-H5-000313,0,,,3839281,0.75
INV-H5-000314,0,,,2037793,0.75
INV-H5-000315,0,,,1174395,0.75
INV-H5-000316,0,,,6024728,0.75
INV-H5-000317,0,,,1332114,0.75
INV-H5-000318,0,,,4906000,0.75
INV-H5-000319,0,,,4256100,0.75
INV-H5-000320,0,,,3560326,0.75
INV-H5-000321,0,,,3868727,0.75
INV-H5-000322,0,,,5509273,0.75
INV-H5-000323,0,,,3550307,0.75
INV-H5-000324,0,,,3902891,0.75
INV-H5-000325,0,,,3864194,0.75
INV-H5-000326,0,,,1433261,0.75
INV-H5-000327,0,,,2083022,0.75
INV-H5-000328,0,,,1990887,0.75
INV-H5-000329,0,,,794948,0.75
INV-H5-000330,0,,,2322164,0.75
INV-H5-000331,0,,,3538508,0.75
INV-H5-000332,0,,,2932419,0.75
INV-H5-000333,0,,,1878972,0.75
INV-H5-000334,0,,,875016,0.75
INV-H5-000335,0,,,3652120,0.75
INV-H5-000336,0,,,4947817,0.75
INV-H5-000337,0,,,2988373,0.75
INV-H5-000338,0,,,4327391,0.75
INV-H5-000339,0,,,4928549,0.75
INV-H5-000340,0,,,934866,0.75
INV-H5-000341,0,,,3555714,0.75
INV-H5-000342,0,,,2884665,0.75
INV-H5-000343,1,invalid_service_date,,4063434,0.9
INV-H5-000344,0,,,539985,0.75
INV-H5-000345,0,,,4151303,0.75
INV-H5-000346,0,,,2052053,0.75
INV-H5-000347,0,,,4171139,0.75
INV-H5-000348,0,,,5280703,0.75
INV-H5-000349,0,,,4511786,0.75
INV-H5-000350,0,,,1917209,0.75
INV-H5-000351,0,,,1975300,0.75
INV-H5-000352,0,,,1195677,0.75
INV-H5-000353,0,,,772183,0.75
INV-H5-000354,0,,,4271681,0.75
INV-H5-000355,0,,,1595954,0.75
INV-H5-000356,0,,,4729496,0.75
INV-H5-000357,0,,,3083636,0.75
INV-H5-000358,1,invalid_service_date,,4844844,0.9
INV-H5-000359,0,,,2329645,0.75
INV-H5-000360,0,,,2446298,0.75
INV-H5-000361,0,,,2865698,0.75
INV-H5-000362,0,,,5358295,0.75
INV-H5-000364,0,,,5003739,0.75
INV-H5-000365,0,,,3035743,0.75
INV-H5-000366,0,,,3151156,0.75
INV-H5-000367,0,,,2892582,0.75
INV-H5-000368,0,,,1677795,0.75
INV-H5-000369,0,,,2498398,0.75
INV-H5-000370,0,,,1113454,0.75
INV-H5-000371,0,,,3784173,0.75
INV-H5-000372,0,,,1813808,0.75
INV-H5-000373,0,,,3442762,0.75
INV-H5-000374,1,invalid_service_date,,1758016,0.9
INV-H5-000375,1,duplicate_invoice_id,,3306190,0.9
INV-H5-000376,0,,,638188,0.75
INV-H5-000377,0,,,2943896,0.75
INV-H5-000378,0,,,1324122,0.75
INV-H5-000379,0,,,4033858,0.75
INV-H5-000380,0,,,3549681,0.75
INV-H5-000381,0,,,1900441,0.75
INV-H5-000382,0,,,2598821,0.75
INV-H5-000383,0,,,2147363,0.75
INV-H5-000384,0,,,2137955,0.75
INV-H5-000385,0,,,3092311,0.75
INV-H5-000386,0,,,1348868,0.75
INV-H5-000387,0,,,598952,0.75
INV-H5-000388,1,invalid_service_date,,3876375,0.9
INV-H5-000389,0,,,1503259,0.75
INV-H5-000390,0,,,1587465,0.75
INV-H5-000391,0,,,1656621,0.75
INV-H5-000392,0,,,1415709,0.75
INV-H5-000393,0,,,2915305,0.75
INV-H5-000394,0,,,3998209,0.75
INV-H5-000395,0,,,3365482,0.75
INV-H5-000396,0,,,2695206,0.75
INV-H5-000397,0,,,3038410,0.75
INV-H5-000398,0,,,3650033,0.75
INV-H5-000399,0,,,1423387,0.75
INV-H5-000400,0,,,2192481,0.75
INV-H5-000401,0,,,2009580,0.75
INV-H5-000402,0,,,3606411,0.75
INV-H5-000403,0,,,549491,0.75
INV-H5-000404,1,invalid_service_date,,3083025,0.9
INV-H5-000405,0,,,1858506,0.75
INV-H5-000406,0,,,1754690,0.75
INV-H5-000407,0,,,3327671,0.75
INV-H5-000408,0,,,1706598,0.75
INV-H5-000409,0,,,3260932,0.75
INV-H5-000410,0,,,1187959,0.75
INV-H5-000411,0,,,3861937,0.75
INV-H5-000412,0,,,2936836,0.75
INV-H5-000413,0,,,2342129,0.75
INV-H5-000414,0,,,973280,0.75
INV-H5-000415,0,,,2020731,0.75
INV-H5-000416,0,,,1741622,0.75
INV-H5-000417,0,,,3478865,0.75
INV-H5-000418,0,,,3156769,0.75
INV-H5-000419,0,,,5451849,0.75
INV-H5-000420,0,,,3452118,0.75
INV-H5-000421,0,,,2923542,0.75
INV-H5-000422,0,,,1818018,0.75
INV-H5-000423,0,,,2376651,0.75
INV-H5-000424,0,,,3923083,0.75
INV-H5-000425,0,,,2590621,0.75
INV-H5-000426,0,,,1148017,0.75
INV-H5-000427,0,,,4185106,0.75
INV-H5-000428,0,,,3575074,0.75
INV-H5-000429,1,invalid_service_date,,3144051,0.9
INV-H5-000430,0,,,2468285,0.75
INV-H5-000431,0,,,1847740,0.75
INV-H5-000432,0,,,1423759,0.75
INV-H5-000433,1,duplicate_service_billing,,1378438,0.9
INV-H5-000434,0,,,1224708,0.75
INV-H5-000435,0,,,3182849,0.75
INV-H5-000436,0,,,3124293,0.75
INV-H5-000437,0,,,2193462,0.75
INV-H5-000438,0,,,6536745,0.75
INV-H5-000439,0,,,4289088,0.75
INV-H5-000440,0,,,3082893,0.75
INV-H5-000441,0,,,5312398,0.75
INV-H5-000442,0,,,1468090,0.75
INV-H5-000443,0,,,3416774,0.75
INV-H5-000444,0,,,3449162,0.75
INV-H5-000445,0,,,3186395,0.75
INV-H5-000446,0,,,3707535,0.75
INV-H5-000447,0,,,2680063,0.75
INV-H5-000448,0,,,4382042,0.75
INV-H5-000449,0,,,945432,0.75
INV-H5-000450,0,,,3034681,0.75
INV-H5-000451,0,,,4866518,0.75
INV-H5-000452,0,,,761027,0.75
INV-H5-000453,0,,,3086762,0.75
INV-H5-000454,0,,,2336688,0.75
INV-H5-000455,0,,,2636163,0.75
INV-H5-000456,0,,,1996640,0.75
INV-H5-000457,0,,,4014363,0.75
INV-H5-000458,0,,,2050198,0.75
INV-H5-000459,0,,,929383,0.75
INV-H5-000460,0,,,2922530,0.75
INV-H5-000461,0,,,1241642,0.75
INV-H5-000462,0,,,4367829,0.75
INV-H5-000463,0,,,2680893,0.75
INV-H5-000464,0,,,2358301,0.75
INV-H5-000465,0,,,1735876,0.75
INV-H5-000466,0,,,4073350,0.75
INV-H5-000467,0,,,1822769,0.75
INV-H5-000468,0,,,2334050,0.75
INV-H5-000469,0,,,3440745,0.75
INV-H5-000470,0,,,2367351,0.75
INV-H5-000471,0,,,2992013,0.75
INV-H5-000472,0,,,3238780,0.75
INV-H5-000473,0,,,1685668,0.75
INV-H5-000474,0,,,2909191,0.75
INV-H5-000475,0,,,1074464,0.75
INV-H5-000476,0,,,1109760,0.75
INV-H5-000477,0,,,2007448,0.75
INV-H5-000478,0,,,3256708,0.75
INV-H5-000479,0,,,4005762,0.75
INV-H5-000480,0,,,3566947,0.75
INV-H5-000481,0,,,3633873,0.75
INV-H5-000482,0,,,945245,0.75
INV-H5-000483,0,,,4173702,0.75
INV-H5-000484,0,,,1305451,0.75
INV-H5-000485,0,,,4221828,0.75
INV-H5-000486,0,,,6022833,0.75
INV-H5-000487,0,,,3433738,0.75
INV-H5-000488,0,,,1455221,0.75
INV-H5-000489,1,invalid_service_date,,688830,0.9
INV-H5-000490,0,,,4446598,0.75
INV-H5-000491,0,,,911621,0.75
INV-H5-000492,1,invalid_service_date,,4256473,0.9
INV-H5-000493,0,,,5104874,0.75
INV-H5-000494,0,,,3074023,0.75
INV-H5-000495,0,,,3117493,0.75
INV-H5-000496,0,,,2879922,0.75
INV-H5-000497,0,,,2455916,0.75
INV-H5-000498,0,,,3700163,0.75
INV-H5-000499,0,,,598841,0.75
INV-H5-000500,0,,,2632901,0.75
INV-H5-000501,0,,,1513602,0.75
INV-H5-000502,0,,,2572580,0.75
INV-H5-000503,0,,,1457770,0.75
INV-H5-000504,0,,,2419719,0.75
INV-H5-000505,0,,,1570501,0.75
INV-H5-000506,0,,,3050833,0.75
INV-H5-000507,0,,,1851981,0.75
INV-H5-000508,0,,,1470692,0.75
INV-H5-000509,0,,,2703277,0.75
INV-H5-000510,0,,,3551089,0.75
INV-H5-000511,0,,,1628661,0.75
INV-H5-000512,0,,,2568341,0.75
INV-H5-000513,0,,,3041283,0.75
INV-H5-000514,0,,,3544922,0.75
INV-H5-000515,0,,,1577341,0.75
INV-H5-000516,0,,,4353279,0.75
INV-H5-000517,0,,,2245747,0.75
INV-H5-000518,0,,,1367901,0.75
INV-H5-000519,0,,,2278061,0.75
INV-H5-000520,0,,,914819,0.75
INV-H5-000521,0,,,4705100,0.75
INV-H5-000522,0,,,2187399,0.75
INV-H5-000523,0,,,2610276,0.75
INV-H5-000524,0,,,2482144,0.75
INV-H5-000525,0,,,2862739,0.75
INV-H5-000526,0,,,2350463,0.75
INV-H5-000527,0,,,899793,0.75
INV-H5-000528,0,,,2608040,0.75
INV-H5-000529,0,,,2529372,0.75
INV-H5-000530,0,,,2127626,0.75
INV-H5-000531,0,,,4205716,0.75
INV-H5-000532,0,,,1643101,0.75
INV-H5-000533,0,,,1538575,0.75
INV-H5-000534,0,,,5819338,0.75
INV-H5-000535,0,,,3226799,0.75
INV-H5-000536,0,,,2500535,0.75
INV-H5-000537,0,,,1674454,0.75
INV-H5-000538,0,,,4592044,0.75
INV-H5-000539,1,duplicate_service_billing,,5191731,0.9
INV-H5-000540,0,,,889650,0.75
INV-H5-000541,0,,,1988320,0.75
INV-H5-000542,0,,,1712943,0.75
INV-H5-000543,0,,,1342323,0.75
INV-H5-000544,0,,,2022208,0.75
INV-H5-000545,0,,,3459336,0.75
INV-H5-000546,0,,,1605164,0.75
INV-H5-000547,0,,,3531198,0.75
INV-H5-000548,0,,,3456905,0.75
INV-H5-000549,0,,,1257831,0.75
INV-H5-000550,0,,,5031102,0.75
INV-H5-000551,0,,,3708098,0.75
INV-H5-000552,0,,,1333754,0.75
INV-H5-000553,0,,,1913374,0.75
INV-H5-000554,0,,,3434282,0.75
INV-H5-000555,0,,,1876770,0.75
INV-H5-000556,0,,,3188535,0.75
INV-H5-000557,0,,,2940365,0.75
INV-H5-000558,0,,,869563,0.75
INV-H5-000559,0,,,3932186,0.75
INV-H5-000560,0,,,723751,0.75
INV-H5-000561,0,,,3029462,0.75
INV-H5-000562,0,,,4192131,0.75
INV-H5-000563,0,,,2658546,0.75
INV-H5-000564,0,,,1103541,0.75
INV-H5-000565,0,,,2172269,0.75
INV-H5-000566,0,,,942798,0.75
INV-H5-000567,0,,,2152638,0.75
INV-H5-000568,0,,,2250229,0.75
INV-H5-000569,0,,,7023280,0.75
INV-H5-000570,0,,,3899232,0.75
INV-H5-000571,0,,,906632,0.75
INV-H5-000572,0,,,4563454,0.75
INV-H5-000573,0,,,1534116,0.75
INV-H5-000574,1,invalid_service_date,,5517874,0.9
INV-H5-000575,1,invoice_total_mismatch,1067381,1167381,0.9
INV-H5-000576,0,,,1995013,0.75
INV-H5-000577,0,,,3045963,0.75
INV-H5-000578,0,,,3099289,0.75
INV-H5-000579,0,,,999372,0.75
INV-H5-000580,0,,,5763303,0.75
INV-H5-000581,0,,,4983046,0.75
INV-H5-000582,0,,,2427167,0.75
INV-H5-000583,0,,,997973,0.75
INV-H5-000584,0,,,3776180,0.75
INV-H5-000585,0,,,2182615,0.75
INV-H5-000586,0,,,2736015,0.75
INV-H5-000587,0,,,3647489,0.75
INV-H5-000588,0,,,858942,0.75
INV-H5-000589,0,,,1150933,0.75
INV-H5-000590,0,,,2502225,0.75
INV-H5-000591,0,,,1780442,0.75
INV-H5-000592,0,,,3714402,0.75
INV-H5-000593,0,,,1971033,0.75
INV-H5-000594,0,,,420930,0.75
INV-H5-000595,0,,,921110,0.75
INV-H5-000596,0,,,1411552,0.75
INV-H5-000597,0,,,5375354,0.75
INV-H5-000598,0,,,2297893,0.75
INV-H5-000599,0,,,4710156,0.75
INV-H5-000600,0,,,2256241,0.75
INV-H5-000601,0,,,979801,0.75
INV-H5-000602,0,,,6125563,0.75
INV-H5-000603,0,,,3495789,0.75
INV-H5-000604,0,,,1168222,0.75
INV-H5-000605,0,,,2705558,0.75
INV-H5-000606,0,,,1717772,0.75
INV-H5-000607,0,,,4751967,0.75
INV-H5-000608,0,,,3039543,0.75
INV-H5-000609,0,,,2362109,0.75
INV-H5-000610,0,,,2557661,0.75
INV-H5-000611,0,,,2024008,0.75
INV-H5-000612,0,,,1089539,0.75
INV-H5-000613,0,,,3850896,0.75
INV-H5-000614,0,,,1017381,0.75
INV-H5-000615,0,,,1726957,0.75
INV-H5-000616,0,,,3286614,0.75
INV-H5-000617,0,,,2792147,0.75
INV-H5-000618,0,,,1202960,0.75
INV-H5-000619,0,,,3213857,0.75
INV-H5-000620,0,,,6847291,0.75
INV-H5-000621,0,,,5603334,0.75
INV-H5-000622,0,,,3481987,0.75
INV-H5-000623,0,,,3728292,0.75
INV-H5-000624,0,,,5528868,0.75
INV-H5-000625,0,,,2278445,0.75
INV-H5-000626,0,,,2889111,0.75
INV-H5-000627,0,,,3647968,0.75
INV-H5-000628,0,,,3077117,0.75
INV-H5-000629,1,invalid_service_date,,3596311,0.9
INV-H5-000630,0,,,3025497,0.75
INV-H5-000631,0,,,1544323,0.75
INV-H5-000632,0,,,3170772,0.75
INV-H5-000633,0,,,1375413,0.75
INV-H5-000634,0,,,1129583,0.75
INV-H5-000635,0,,,4600721,0.75
INV-H5-000636,0,,,1615307,0.75
INV-H5-000637,0,,,1319879,0.75
INV-H5-000638,0,,,780437,0.75
INV-H5-000639,0,,,5602433,0.75
INV-H5-000640,0,,,4143273,0.75
INV-H5-000641,0,,,2452741,0.75
INV-H5-000642,0,,,2686021,0.75
INV-H5-000643,0,,,935341,0.75
INV-H5-000644,0,,,4207504,0.75
INV-H5-000645,0,,,2439423,0.75
INV-H5-000646,0,,,797825,0.75
INV-H5-000647,0,,,2569143,0.75
INV-H5-000648,0,,,3996211,0.75
INV-H5-000649,0,,,2156633,0.75
INV-H5-000651,0,,,1122221,0.75
INV-H5-000652,0,,,4256235,0.75
INV-H5-000653,0,,,2987599,0.75
INV-H5-000654,0,,,3017547,0.75
INV-H5-000655,0,,,441786,0.75
INV-H5-000656,0,,,4704119,0.75
INV-H5-000657,0,,,3026074,0.75
INV-H5-000658,0,,,3424234,0.75
INV-H5-000659,0,,,4167319,0.75
INV-H5-000660,0,,,4607479,0.75
INV-H5-000661,0,,,4567534,0.75
INV-H5-000662,0,,,2911686,0.75
INV-H5-000663,0,,,3452561,0.75
INV-H5-000664,0,,,3475339,0.75
INV-H5-000665,0,,,2386112,0.75
INV-H5-000666,0,,,1068351,0.75
INV-H5-000667,0,,,2287939,0.75
INV-H5-000668,0,,,1192278,0.75
INV-H5-000669,0,,,2121061,0.75
INV-H5-000670,0,,,1463878,0.75
INV-H5-000671,0,,,2959062,0.75
INV-H5-000672,0,,,1374286,0.75
INV-H5-000673,0,,,4505316,0.75
INV-H5-000674,0,,,4042207,0.75
INV-H5-000675,0,,,3275579,0.75
INV-H5-000676,0,,,5671487,0.75
INV-H5-000677,0,,,4755445,0.75
INV-H5-000678,0,,,3458106,0.75
INV-H5-000679,0,,,871701,0.75
INV-H5-000680,1,invalid_service_date,,6010657,0.9
INV-H5-000681,0,,,2544026,0.75
INV-H5-000682,0,,,4382733,0.75
INV-H5-000683,0,,,4967450,0.75
INV-H5-000684,0,,,4175495,0.75
INV-H5-000685,0,,,2793436,0.75
INV-H5-000686,0,,,2287616,0.75
INV-H5-000687,0,,,3121667,0.75
INV-H5-000688,0,,,2362572,0.75
INV-H5-000689,0,,,3521008,0.75
INV-H5-000690,0,,,4146073,0.75
INV-H5-000691,0,,,2280369,0.75
INV-H5-000692,0,,,739924,0.75
INV-H5-000693,0,,,3031724,0.75
INV-H5-000694,0,,,5118910,0.75
INV-H5-000695,0,,,951175,0.75
INV-H5-000696,0,,,443289,0.75
INV-H5-000697,0,,,3326538,0.75
INV-H5-000698,0,,,2764318,0.75
INV-H5-000699,0,,,1965404,0.75
INV-H5-000700,0,,,3707563,0.75
INV-H5-000701,0,,,3626931,0.75
INV-H5-000702,0,,,1859589,0.75
INV-H5-000703,0,,,3173652,0.75
INV-H5-000704,0,,,1526203,0.75
INV-H5-000705,0,,,1978038,0.75
INV-H5-000706,0,,,1836000,0.75
INV-H5-000707,0,,,1354487,0.75
INV-H5-000708,0,,,2051938,0.75
INV-H5-000709,0,,,4153935,0.75
INV-H5-000710,0,,,1388508,0.75
INV-H5-000711,0,,,4984521,0.75
INV-H5-000712,0,,,2986152,0.75
INV-H5-000713,0,,,913625,0.75
INV-H5-000714,0,,,809557,0.75
INV-H5-000715,0,,,7252548,0.75
INV-H5-000716,0,,,1943044,0.75
INV-H5-000717,0,,,6000607,0.75
INV-H5-000718,0,,,2555240,0.75
INV-H5-000719,0,,,3060918,0.75
INV-H5-000720,0,,,6213572,0.75
INV-H5-000721,0,,,4148962,0.75
INV-H5-000722,0,,,1827885,0.75
INV-H5-000723,0,,,1416098,0.75
INV-H5-000724,0,,,2813464,0.75
INV-H5-000725,0,,,4234755,0.75
INV-H5-000726,0,,,4333302,0.75
INV-H5-000727,0,,,2326874,0.75
INV-H5-000728,0,,,2103207,0.75
INV-H5-000729,0,,,1539227,0.75
INV-H5-000730,0,,,3975905,0.75
INV-H5-000731,0,,,4644014,0.75
INV-H5-000732,0,,,3509492,0.75
INV-H5-000733,0,,,2697217,0.75
INV-H5-000734,0,,,831599,0.75
INV-H5-000735,0,,,3490346,0.75
INV-H5-000736,0,,,2427234,0.75
INV-H5-000737,0,,,3758182,0.75
INV-H5-000738,0,,,4643585,0.75
INV-H5-000739,0,,,2200716,0.75
INV-H5-000740,0,,,4658729,0.75
INV-H5-000741,0,,,4436600,0.75
INV-H5-000742,0,,,3877200,0.75
INV-H5-000743,0,,,4139044,0.75
INV-H5-000744,0,,,1888052,0.75
INV-H5-000745,0,,,915730,0.75
INV-H5-000746,0,,,1518806,0.75
INV-H5-000747,0,,,3892637,0.75
INV-H5-000748,0,,,1784699,0.75
INV-H5-000749,0,,,1840074,0.75
INV-H5-000750,0,,,916379,0.75
INV-H5-000751,1,invalid_service_date,,2434281,0.9
INV-H5-000752,0,,,3515920,0.75
INV-H5-000753,0,,,5223986,0.75
INV-H5-000754,0,,,686754,0.75
INV-H5-000755,0,,,4521391,0.75
INV-H5-000756,0,,,3690315,0.75
INV-H5-000757,0,,,3684465,0.75
INV-H5-000758,0,,,3052106,0.75
INV-H5-000759,1,duplicate_service_billing,,4212186,0.9
INV-H5-000760,0,,,1618163,0.75
INV-H5-000761,0,,,3145400,0.75
INV-H5-000762,0,,,3265070,0.75
INV-H5-000763,0,,,4350122,0.75
INV-H5-000764,0,,,3203151,0.75
INV-H5-000765,0,,,1233208,0.75
INV-H5-000766,0,,,3236206,0.75
INV-H5-000767,0,,,2849557,0.75
INV-H5-000768,0,,,4798940,0.75
INV-H5-000769,0,,,2675819,0.75
INV-H5-000770,0,,,1340803,0.75
INV-H5-000771,0,,,4783261,0.75
INV-H5-000772,0,,,2791902,0.75
INV-H5-000773,0,,,1366953,0.75
INV-H5-000774,0,,,416832,0.75
INV-H5-000775,0,,,1705032,0.75
INV-H5-000776,0,,,1809975,0.75
INV-H5-000777,0,,,3286660,0.75
INV-H5-000778,0,,,3267335,0.75
INV-H5-000779,0,,,2261941,0.75
INV-H5-000780,0,,,4160331,0.75
INV-H5-000781,0,,,1036414,0.75
INV-H5-000782,0,,,4194409,0.75
INV-H5-000783,0,,,2487159,0.75
INV-H5-000784,0,,,471266,0.75
INV-H5-000785,0,,,2995078,0.75
INV-H5-000786,0,,,3887015,0.75
INV-H5-000787,0,,,4057705,0.75
INV-H5-000788,0,,,4814493,0.75
INV-H5-000789,0,,,2688188,0.75
INV-H5-000790,0,,,2222551,0.75
INV-H5-000791,0,,,2409561,0.75
INV-H5-000792,0,,,4177525,0.75
INV-H5-000793,0,,,4412134,0.75
INV-H5-000794,0,,,2176531,0.75
INV-H5-000795,0,,,4861790,0.75
INV-H5-000796,0,,,1614519,0.75
INV-H5-000797,0,,,1157947,0.75
INV-H5-000798,0,,,5387029,0.75
INV-H5-000799,1,contract_number_mismatch,,2145842,0.9
INV-H5-000800,0,,,2358586,0.75
INV-H5-000801,0,,,3032292,0.75
INV-H5-000802,0,,,3372021,0.75
INV-H5-000803,0,,,4670245,0.75
INV-H5-000804,0,,,3333692,0.75
INV-H5-000805,0,,,1853407,0.75
INV-H5-000806,0,,,2996292,0.75
INV-H5-000807,0,,,2777236,0.75
INV-H5-000808,0,,,2982195,0.75
INV-H5-000809,0,,,3709085,0.75
INV-H5-000810,0,,,4619371,0.75
INV-H5-000811,0,,,862226,0.75
INV-H5-000812,0,,,5661710,0.75
INV-H5-000813,0,,,920502,0.75
INV-H5-000814,0,,,4875115,0.75
INV-H5-000815,0,,,3112760,0.75
INV-H5-000816,0,,,3037479,0.75
INV-H5-000817,0,,,1317130,0.75
INV-H5-000818,0,,,3041310,0.75
INV-H5-000819,0,,,2942213,0.75
INV-H5-000820,0,,,5225499,0.75
INV-H5-000821,0,,,4293734,0.75
INV-H5-000822,0,,,3149569,0.75
INV-H5-000823,0,,,4178286,0.75
INV-H5-000824,0,,,1147453,0.75
INV-H5-000825,0,,,3713730,0.75
INV-H5-000826,0,,,4191918,0.75
INV-H5-000827,0,,,3234976,0.75
INV-H5-000828,0,,,1586272,0.75
INV-H5-000830,0,,,4093137,0.75
INV-H5-000831,0,,,6376818,0.75
INV-H5-000832,0,,,3973709,0.75
INV-H5-000833,0,,,6386571,0.75
INV-H5-000834,0,,,3231790,0.75
INV-H5-000835,0,,,4006959,0.75
INV-H5-000836,0,,,1111946,0.75
INV-H5-000837,0,,,2314751,0.75
INV-H5-000838,0,,,2103005,0.75
INV-H5-000839,0,,,5260553,0.75
INV-H5-000840,0,,,1959097,0.75
INV-H5-000841,0,,,5653085,0.75
INV-H5-000842,0,,,1031218,0.75
INV-H5-000843,0,,,2994881,0.75
INV-H5-000844,0,,,1957490,0.75
INV-H5-000845,0,,,3740476,0.75
INV-H5-000846,0,,,3319061,0.75
INV-H5-000847,0,,,2939617,0.75
INV-H5-000848,0,,,1596145,0.75
INV-H5-000849,0,,,4974630,0.75
INV-H5-000850,0,,,4902057,0.75
INV-H5-000851,0,,,2532921,0.75
INV-H5-000852,0,,,6191609,0.75
INV-H5-000853,0,,,2601163,0.75
INV-H5-000854,0,,,2796569,0.75
INV-H5-000855,0,,,3237849,0.75
INV-H5-000856,0,,,2267767,0.75
INV-H5-000857,0,,,5738100,0.75
INV-H5-000858,0,,,1688007,0.75
INV-H5-000859,0,,,5704610,0.75
INV-H5-000860,0,,,2106262,0.75
INV-H5-000861,0,,,2993863,0.75
INV-H5-000862,0,,,2519370,0.75
INV-H5-000863,0,,,962485,0.75
INV-H5-000864,0,,,4621621,0.75
INV-H5-000865,0,,,2002670,0.75
INV-H5-000866,0,,,2379332,0.75
INV-H5-000867,0,,,3661673,0.75
INV-H5-000868,0,,,2546865,0.75
INV-H5-000869,0,,,1913028,0.75
INV-H5-000870,0,,,1492257,0.75
INV-H5-000871,0,,,2198231,0.75
INV-H5-000872,0,,,1664133,0.75
INV-H5-000873,0,,,4097350,0.75
INV-H5-000874,0,,,2026860,0.75
INV-H5-000875,0,,,3568347,0.75
INV-H5-000876,0,,,1606449,0.75
INV-H5-000877,0,,,1574894,0.75
INV-H5-000878,0,,,3285870,0.75
INV-H5-000879,0,,,1268035,0.75
INV-H5-000880,0,,,625570,0.75
INV-H5-000881,0,,,1217530,0.75
INV-H5-000882,0,,,3130100,0.75
INV-H5-000883,0,,,4556048,0.75
INV-H5-000884,0,,,1034433,0.75
INV-H5-000885,0,,,3052669,0.75
INV-H5-000886,0,,,2194566,0.75
INV-H5-000887,0,,,981226,0.75
INV-H5-000888,0,,,2813104,0.75
INV-H5-000889,0,,,1640226,0.75
INV-H5-000890,0,,,2905929,0.75
INV-H5-000891,0,,,5669568,0.75
INV-H5-000892,0,,,3673701,0.75
INV-H5-000893,0,,,2050277,0.75
INV-H5-000894,0,,,2477796,0.75
INV-H5-000895,0,,,1575522,0.75
INV-H5-000896,0,,,2720760,0.75
INV-H5-000897,0,,,4233827,0.75
INV-H5-000898,0,,,2612536,0.75
INV-H5-000899,0,,,1456808,0.75
INV-H5-000900,0,,,1152205,0.75
INV-H5-000901,0,,,3601565,0.75
INV-H5-000902,0,,,1581158,0.75
INV-H5-000903,0,,,5071274,0.75
INV-H5-000904,0,,,3407777,0.75
INV-H5-000905,0,,,3741442,0.75
INV-H5-000906,0,,,2881655,0.75
INV-H5-000907,1,line_total_arithmetic,,1536081,0.9
INV-H5-000909,0,,,5441512,0.75
INV-H5-000910,0,,,4163409,0.75
INV-H5-000911,0,,,2967408,0.75
INV-H5-000912,0,,,2405012,0.75
INV-H5-000913,0,,,1289242,0.75
INV-H5-000914,0,,,1995034,0.75
INV-H5-000915,0,,,3381685,0.75
INV-H5-000916,0,,,5418244,0.75
INV-H5-000917,0,,,8897803,0.75
INV-H5-000918,0,,,4114271,0.75
INV-H5-000919,0,,,666083,0.75
INV-H5-000920,0,,,4068735,0.75
INV-H5-000921,0,,,3000249,0.75
INV-H5-000922,0,,,786195,0.75
INV-H5-000923,0,,,2279905,0.75
INV-H5-000924,0,,,1196647,0.75
INV-H5-000925,0,,,2973439,0.75
INV-H5-000926,0,,,1952954,0.75
INV-H5-000927,0,,,4866592,0.75
INV-H5-000928,0,,,1748166,0.75
INV-H5-000929,0,,,1644078,0.75
INV-H5-000930,0,,,2222681,0.75
INV-H5-000931,0,,,2722883,0.75
INV-H5-000932,0,,,1355311,0.75
INV-H5-000933,0,,,3206745,0.75
INV-H5-000934,0,,,2326305,0.75
INV-H5-000935,0,,,4576964,0.75
INV-H5-000936,0,,,1313868,0.75
INV-H5-000937,0,,,6515306,0.75
INV-H5-000938,0,,,2774726,0.75
INV-H5-000939,0,,,3525865,0.75
INV-H5-000940,0,,,4135982,0.75
INV-H5-000941,0,,,2653154,0.75
INV-H5-000942,0,,,5374484,0.75
INV-H5-000943,0,,,3304292,0.75
INV-H5-000944,0,,,3745500,0.75
INV-H5-000945,0,,,3769040,0.75
INV-H5-000946,0,,,3367191,0.75
INV-H5-000947,0,,,4197747,0.75
INV-H5-000948,0,,,850714,0.75
INV-H5-000949,0,,,1776906,0.75
INV-H5-000950,0,,,4185066,0.75
INV-H5-000951,0,,,1733711,0.75
INV-H5-000952,0,,,2478862,0.75
INV-H5-000953,0,,,3381670,0.75
INV-H5-000954,0,,,2998126,0.75
INV-H5-000955,0,,,2933020,0.75
INV-H5-000956,0,,,1224306,0.75
INV-H5-000957,0,,,2222390,0.75
INV-H5-000958,0,,,3426845,0.75
INV-H5-000959,0,,,1820777,0.75
INV-H5-000960,0,,,5232678,0.75
INV-H5-000961,0,,,1818870,0.75
INV-H5-000962,0,,,2428061,0.75
INV-H5-000963,0,,,2320851,0.75
INV-H5-000964,0,,,2256912,0.75
INV-H5-000965,0,,,5158385,0.75
INV-H5-000966,0,,,2912832,0.75
INV-H5-000967,0,,,4968113,0.75
INV-H5-000968,0,,,2498012,0.75
INV-H5-000969,1,contract_number_mismatch,,1082586,0.9
INV-H5-000970,0,,,1259941,0.75
INV-H5-000971,0,,,2484210,0.75
INV-H5-000972,0,,,2514995,0.75
INV-H5-000973,0,,,2608248,0.75
INV-H5-000974,0,,,694010,0.75
INV-H5-000975,0,,,3391520,0.75
INV-H5-000976,0,,,2126336,0.75
INV-H5-000977,0,,,586933,0.75
INV-H5-000978,0,,,3182051,0.75
INV-H5-000979,1,invalid_service_date,,7668100,0.9
INV-H5-000980,0,,,2661095,0.75
INV-H5-000981,0,,,1909714,0.75
INV-H5-000982,0,,,5824479,0.75
INV-H5-000983,0,,,3233250,0.75
INV-H5-000984,0,,,1751224,0.75
INV-H5-000985,0,,,2148190,0.75
INV-H5-000986,0,,,2455807,0.75
INV-H5-000987,0,,,1939527,0.75
INV-H5-000988,0,,,2059772,0.75
INV-H5-000989,0,,,2776706,0.75
INV-H5-000990,0,,,1843625,0.75
INV-H5-000991,0,,,5002155,0.75
INV-H5-000992,0,,,2800797,0.75
INV-H5-000993,0,,,1363419,0.75
INV-H5-000994,0,,,1528515,0.75
INV-H5-000995,0,,,4439461,0.75
INV-H5-000996,0,,,1604635,0.75
INV-H5-000997,1,duplicate_service_billing,,4176333,0.9
INV-H5-000998,0,,,3435037,0.75
INV-H5-000999,0,,,429292,0.75
INV-H5-001000,0,,,3543284,0.75
INV-H5-001001,0,,,741312,0.75
INV-H5-001002,0,,,4031897,0.75
INV-H5-001003,0,,,2226123,0.75
INV-H5-001004,0,,,636645,0.75
INV-H5-001005,0,,,2318348,0.75
INV-H5-001006,0,,,510527,0.75
INV-H5-001007,0,,,7584289,0.75
INV-H5-001008,0,,,2202566,0.75
INV-H5-001009,0,,,2735156,0.75
INV-H5-001010,0,,,3436810,0.75
INV-H5-001011,0,,,3849659,0.75
INV-H5-001012,0,,,1171431,0.75
INV-H5-001013,0,,,3381343,0.75
INV-H5-001014,1,invalid_service_date,,1777417,0.9
INV-H5-001015,0,,,2648986,0.75
INV-H5-001016,0,,,3158184,0.75
INV-H5-001017,0,,,2990475,0.75
INV-H5-001018,0,,,2806989,0.75
INV-H5-001019,0,,,1774460,0.75
INV-H5-001020,0,,,1359899,0.75
INV-H5-001021,0,,,1418056,0.75
INV-H5-001022,0,,,4492340,0.75
INV-H5-001023,0,,,4145799,0.75
INV-H5-001024,0,,,2990817,0.75
INV-H5-001025,0,,,2191360,0.75
INV-H5-001026,0,,,1854508,0.75
INV-H5-001027,0,,,3103378,0.75
INV-H5-001028,0,,,2167015,0.75
INV-H5-001029,0,,,1326184,0.75
INV-H5-001030,0,,,2445907,0.75
INV-H5-001031,0,,,1546572,0.75
INV-H5-001032,0,,,2785115,0.75
INV-H5-001033,0,,,1825159,0.75
INV-H5-001034,0,,,3166295,0.75
INV-H5-001035,0,,,3506503,0.75
INV-H5-001036,0,,,1255670,0.75
INV-H5-001037,0,,,740235,0.75
INV-H5-001038,0,,,5420922,0.75
INV-H5-001039,0,,,3109630,0.75
INV-H5-001040,0,,,830679,0.75
INV-H5-001041,0,,,1744044,0.75
INV-H5-001042,0,,,3501437,0.75
INV-H5-001043,0,,,4740753,0.75
INV-H5-001044,0,,,611603,0.75
INV-H5-001045,0,,,1481689,0.75
INV-H5-001046,0,,,1379695,0.75
INV-H5-001047,0,,,2529492,0.75
INV-H5-001048,0,,,2854497,0.75
INV-H5-001049,0,,,2597006,0.75
INV-H5-001050,0,,,1970667,0.75
INV-H5-001051,0,,,3072819,0.75
INV-H5-001052,0,,,3448607,0.75
INV-H5-001053,0,,,1740470,0.75
INV-H5-001054,0,,,2094051,0.75
INV-H5-001055,0,,,2457815,0.75
INV-H5-001056,0,,,1798050,0.75
INV-H5-001057,0,,,4669721,0.75
